SMILES,frag_list,LogVP
c1[n]cco1,[70.029],2.1206
Oc1cccc2ccc[n]c21,[117.058],-2.7799
CN1CCCC1=O,"[100.076, 58.029, 69.034]",-0.4622
CCN(CC)C(=O)SCc1ccccc1Cl,"[100.076, 125.015, 72.044, 258.072, 100.076, 125.015, 125.015, 258.072, 100.076, 125.015, 100.076, 72.044, 125.015, 72.044, 100.076, 125.015, 89.039, 72.044, 125.015, 89.039, 99.0, 258.072, 100.076, 125.015, 125.015, 258.072, 100.076, 125.015, 100.076, 72.044, 125.015, 72.044, 100.076, 125.015, 89.039, 72.044, 125.015, 89.039, 99.0, 100.076, 125.015, 72.044]",-4.0315
O=NN1CCCC1,"[101.071, 55.054, 59.024, 101.071, 55.054, 59.024, 101.071, 55.054, 59.024, 101.071, 55.054, 59.024, 101.071, 55.054, 59.024, 55.054, 101.071, 59.024]",-1.2218
CCCCCCCCN1SC=CC1=O,"[102.001, 214.126, 71.086, 102.001, 71.085, 214.126, 102.001, 71.085, 214.126, 102.001, 71.085, 102.001, 71.085, 57.07, 102.001, 57.07, 71.085, 102.001, 57.07, 71.085, 102.001, 57.07, 83.99, 214.126, 102.001, 71.085, 214.126, 102.001, 71.085, 102.001, 214.126, 71.085, 102.001, 57.07, 71.085, 102.001, 57.07, 71.085, 102.001, 57.07, 83.99, 102.001, 71.085]",-4.4342
COCCOCCOC,"[103.075, 59.049, 103.075, 59.049, 135.101, 103.075, 59.049, 135.102, 59.049, 103.075, 59.049, 103.075, 59.049, 103.075, 59.049, 103.075, 59.049, 135.102, 103.075, 59.049, 135.102, 59.049, 103.075, 59.049, 103.075, 135.102, 59.049, 103.075, 59.049, 135.101, 103.075, 59.049, 135.101]",0.4713
CCN(CC)N=O,"[103.087, 75.055, 57.045, 103.087, 75.055, 57.045, 103.087, 75.055, 57.045, 75.055, 103.087, 57.045, 75.055, 103.087, 57.045, 75.055, 103.087, 57.045]",-0.0655
O=C(c1ccccc1)c1ccccc1,"[105.033, 183.081, 77.039, 105.034, 183.081, 77.039]",-2.7144
NCc1ccccc1,"[108.081, 91.054, 67.054]",-0.1851
Cc1cccc(C)[n]1,"[108.081, 91.054, 67.054]",0.7522
CNC(=O)Oc1cccc2OC(C)(C)Oc21,"[109.028, 167.07, 59.049, 109.028, 81.033, 81.033, 109.028, 167.07, 109.028, 193.049, 167.07, 109.028, 193.05]",-4.4622
Nc1ccc(O)cc1,"[110.06, 92.049, 65.039]",-4.3979
CCOP(=S)(Oc1[n]c(Cl)c(Cl)cc1Cl)OCC,"[114.961, 197.927, 349.934, 321.902, 293.871, 197.928, 349.934, 321.903, 197.928, 197.927, 114.961, 96.951, 197.928, 114.961, 96.951, 197.928, 114.961, 96.951, 114.961, 197.927, 96.951, 114.961, 96.951, 106.945, 349.934, 321.902, 197.927, 197.928, 114.961, 96.951, 197.928, 114.961, 96.951, 197.928, 114.961, 96.951, 114.961, 197.927, 96.951, 114.961, 96.951, 106.945, 321.902, 293.871, 197.928]",-4.6936
CCOP(=S)(OCC)SCN1N=Nc2ccccc2C1=O,"[114.961, 137.006, 132.044, 132.044, 260.981, 232.949, 132.044, 114.961, 137.006, 114.961, 137.006, 132.044, 114.961, 137.006, 95.049, 114.961, 95.049, 109.011, 114.962, 109.011, 95.049, 114.962, 51.023, 64.979, 51.023, 64.979, 114.962, 51.023, 50.015, 64.979]",-5.6198
Oc1cccc2ccccc21,"[117.07, 155.06, 117.07, 155.06, 145.065]",-3.5622
CC(N)Cc1ccccc1,"[119.086, 136.112, 120.089, 119.085, 119.086, 91.054, 136.112, 119.086, 136.112, 91.054, 91.054, 119.086, 136.112, 91.054, 119.085, 136.112, 91.054, 119.085, 65.038, 91.054, 65.038, 91.054, 65.039, 119.086, 136.112, 91.054, 91.054, 119.086, 136.112, 91.054, 119.086, 136.112, 91.054, 119.086, 65.039, 91.054, 119.086, 65.039, 91.054, 65.039, 119.086, 119.086, 91.054, 136.112]",-0.6198
Oc1ccccc1C(O)=O,"[121.028, 139.039, 69.034, 121.028, 139.039, 69.034, 121.028, 139.039, 69.034, 121.028, 121.04, 65.039, 121.028, 65.039, 121.04, 65.039, 121.028, 121.04, 65.039, 121.04, 121.028, 65.039, 53.002, 51.023, 65.039, 53.002, 51.023]",-4.0862
CCOC1Oc2ccc(cc2C1(C)C)OS(C)(=O)=O,"[121.065, 161.06, 122.068, 259.064, 241.053, 121.065, 259.064, 287.095, 121.065, 121.065, 259.064, 161.06, 121.065, 161.06, 162.068, 121.065, 161.06, 133.065, 121.065, 105.07, 133.065, 105.07, 103.054, 91.054, 259.064, 287.095, 121.065, 121.065, 259.064, 161.06, 121.065, 161.06, 162.068, 121.065, 161.06, 133.065, 121.065, 105.07, 133.065, 105.07, 103.054, 91.054, 259.064, 241.053, 121.065, 121.065, 161.06, 133.065, 105.07, 121.065, 103.054, 259.064, 241.053, 121.065, 259.064, 121.065, 241.053]",-5.3098
CNC(=O)Oc1cc(C)c(SC)c(C)c1,"[121.065, 169.068, 122.073, 169.068, 121.065, 122.073, 169.068, 121.065, 226.09, 169.068, 121.065, 122.073, 121.065, 169.068, 122.073, 121.065, 122.073, 93.07, 121.065, 122.073, 93.07, 121.065, 107.049, 122.073, 169.068, 121.065, 226.09, 169.068, 121.065, 122.073, 121.065, 169.068, 122.073, 121.065, 122.073, 93.07, 121.065, 122.073, 93.07, 121.065, 107.049, 122.073, 169.068, 121.065, 122.072, 121.065, 122.073, 91.054, 121.065, 122.073, 91.054, 169.068, 121.065, 148.076, 169.068, 121.065, 148.076]",-6.5686
Cc1cccc(C)c1N,"[122.096, 105.07, 107.073, 122.096, 105.07, 107.073, 105.07, 79.054, 77.039, 77.039, 51.023, 79.054, 122.097, 105.07, 107.073, 105.07, 122.097, 107.073, 122.097, 107.073, 105.07, 107.073, 105.07, 133.077]",-0.8861
Cc1cc(C)[n]c(C)c1,"[122.096, 79.054, 81.07]",0.2981
CC(C1CC1)C(O)(C[n]1c[n]c[n]1)c1ccc(Cl)cc1,"[125.015, 138.995, 292.121, 70.04, 125.015, 70.04, 292.121, 125.015, 70.04, 125.015, 138.994, 70.04, 125.015, 138.994, 125.015, 70.04, 138.994, 125.015, 70.04, 89.039, 292.121, 70.04, 125.015, 70.04, 292.121, 125.015, 70.04, 125.015, 138.994, 70.04, 125.015, 138.994, 125.015, 70.04, 138.994, 125.015, 70.04, 89.039, 125.015, 138.995, 165.047, 70.04, 125.015, 138.994]",-6.5867
CC1(C)CON(Cc2ccccc2Cl)C1=O,"[125.015, 240.079, 128.071, 125.015, 128.071, 100.076, 240.079, 125.015, 128.07, 125.015, 240.079, 128.071, 125.015, 240.08, 89.039, 125.015, 89.039, 125.015, 89.038, 99.0, 125.015, 89.039, 99.0, 240.079, 125.015, 128.071, 125.015, 240.079, 128.071, 125.015, 240.079, 73.065, 125.015, 89.039, 99.0, 125.015, 89.039, 99.0, 125.015, 89.039, 99.0, 125.015, 128.071, 100.076, 125.015, 240.078, 89.038, 125.015, 89.038, 98.999, 125.015, 128.07, 240.078, 125.015, 128.07, 100.076]",-3.8416
CCSC(=O)N1CCCCCC1,"[126.091, 188.11, 83.085, 126.091, 188.11, 83.085, 126.091, 83.085, 55.054, 55.054, 126.091, 83.085, 55.054, 98.096, 83.085, 55.054, 98.097, 70.065, 55.054, 98.097, 70.065, 55.054, 53.039, 70.065, 55.054, 53.039, 56.013]",-2.2518
COP(=O)(OC1C2CC=CC2C=1Cl)OC,"[127.015, 125.015, 251.024, 127.015, 125.015, 89.039, 127.016, 125.015, 89.039, 127.015, 125.015, 89.039, 127.015, 89.039, 125.015, 127.016, 89.039, 99.0]",-2.8928
COP(=O)(OC=C(Cl)Cl)OC,"[127.015, 220.953, 78.994, 220.953, 127.015, 144.982, 127.015, 220.953, 144.982, 127.015, 78.994, 220.953, 127.016, 78.994, 113.0, 127.015, 78.994, 113.0, 127.015, 78.994, 113.0, 127.015, 109.005, 78.994, 127.015, 78.994, 109.005, 109.005, 144.982, 127.015, 144.982, 109.005, 127.015]",-1.8027
CCOC(=O)C(CC(=O)OCC)SP(=O)(OC)OC,"[127.039, 99.008, 142.993, 99.008, 127.039, 142.993, 99.008, 127.039, 142.993, 99.008, 71.013, 142.993, 99.008, 71.013, 142.993, 99.008, 71.013, 53.002, 71.013, 99.008, 53.002, 71.013, 53.002, 78.994, 53.002, 71.013, 78.994]",-5.0088
Nc1[n]c(N)[n]c(N)[n]1,"[127.073, 127.072, 127.073, 85.051, 60.056, 127.073, 85.051, 60.056, 127.073, 85.051, 68.024, 127.073, 85.051, 60.056, 127.073, 85.051, 68.024, 85.051, 127.073, 68.024, 85.051, 127.073, 68.024, 127.073, 85.051, 68.024, 85.051, 127.073, 43.029, 68.024, 43.029, 85.051]",-9.4449
Nc1ccc(Cl)cc1,"[128.026, 93.057, 139.006, 128.027, 93.058, 139.006, 93.058, 128.027, 139.006, 93.058, 128.026, 93.058]",-1.5686
CCNC(=O)NC(=O)/C(/C#N)=N/OC,"[128.046, 111.019, 58.029, 128.045, 111.019, 58.029, 128.045, 111.019, 83.024, 128.045, 111.019, 83.024, 83.024, 111.019, 128.046, 83.024, 111.019, 53.013, 83.024, 53.013, 111.019, 128.045, 111.019, 58.029, 128.045, 111.019, 83.024, 128.045, 111.019, 83.024, 83.024, 111.019, 128.045, 83.024, 111.019, 53.013, 83.024, 53.013, 111.019, 128.045, 111.019, 167.067]",-5.9469
Oc1ccc(Cl)cc1,"[129.01, 97.028, 85.028, 129.01, 69.034, 55.018, 129.01, 69.034, 94.041, 69.034, 129.01, 94.041, 69.034, 94.041, 65.039, 94.041, 65.039, 69.033]",-1.0506
CC(C)c1ccc(N)cc1,"[136.112, 94.065, 91.054, 136.112, 94.065, 136.112, 94.065, 136.112, 94.065, 136.112, 94.065, 147.092, 136.112, 94.065, 91.054, 136.112, 94.065, 91.054, 94.065, 91.054, 136.112, 136.112, 94.065, 136.112, 94.065, 136.112, 94.065, 147.091, 136.112, 94.065, 91.054, 136.112, 94.065, 91.054, 94.065, 91.054, 136.112, 136.112, 94.065, 121.088, 136.113, 94.066, 91.055, 94.065, 136.113, 91.055, 136.113, 94.066, 121.089, 94.065, 121.089, 105.034]",-1.0785
CCP(=S)(OCC)Sc1ccccc1,"[137.018, 126.998, 108.987, 126.998, 108.987, 137.018, 126.998, 108.987, 80.956, 126.998, 108.987, 80.956, 126.998, 108.987, 80.956, 80.956, 62.945, 126.998]",-3.4711
CCOP(=S)(OCC)SCSP(=S)(OCC)OCC,"[142.939, 199.001, 114.961, 96.951, 142.939, 114.961, 96.951, 114.961, 142.938, 215.032, 199.001, 322.976, 215.032, 199.001, 322.976]",-5.8239
COP(=S)(OC)SCN1N=Nc2ccccc2C1=O,"[142.993, 132.044, 260.981, 132.044, 142.993, 260.981, 142.993, 132.044, 104.049, 142.993, 132.044, 104.05, 142.993, 95.049, 105.034, 95.049, 105.045, 78.994, 95.049, 105.045, 77.039, 51.023, 95.049, 77.039, 51.023, 50.015, 95.049, 51.023, 50.015, 74.015]",-5.7959
COP(=O)(NC(C)=O)SC,"[142.993, 144.989, 143.995, 142.993, 124.982, 142.008, 142.993, 124.982, 142.009, 124.982, 142.992, 110.966, 124.982, 142.991]",-5.7696
Nc1cccc2ccccc21,"[144.081, 143.073, 155.06]",-2.3789
CCCOC(=O)NCCCN(C)C,"[144.102, 102.055, 147.113, 189.16, 144.102, 102.055, 189.16, 102.055, 144.102, 102.055, 189.16, 144.102, 102.055, 74.024, 144.102, 102.055, 74.024, 58.065, 102.055, 74.024, 58.065, 189.16, 144.102, 102.055, 189.16, 102.055, 144.102, 102.055, 189.16, 144.102, 102.055, 74.024, 144.102, 102.055, 74.024, 58.065, 102.055, 74.024, 58.065, 144.102, 102.055, 147.113]",-1.2612
CC(C)(C)C1CCC2(CC1)OC(CO2)CN(CCC)CC,"[144.138, 298.274, 100.112, 144.138, 100.112, 240.232, 298.274, 144.139, 298.274, 144.138, 100.112, 144.138, 100.112, 298.275, 144.138, 100.112, 72.081, 100.112, 144.138, 72.081, 100.112, 72.081, 144.138, 298.274, 144.138, 298.274, 144.138, 100.112, 144.138, 100.112, 298.274, 144.138, 100.112, 72.081, 100.112, 144.138, 72.081, 100.112, 72.081, 144.138, 144.138, 100.112, 240.232, 144.139, 100.112, 72.081, 100.112, 144.139, 72.081, 100.112, 72.081, 144.138, 100.112, 72.081, 58.066, 298.274, 144.138, 100.112, 144.138, 100.112, 72.081, 100.112, 144.138, 72.081, 144.138, 100.112, 298.274, 144.138, 100.112, 202.123]",-3.8928
COC1=NN(CSP(=S)(OC)OC)C(=O)S1,"[145.007, 85.04, 71.024, 85.04, 145.007, 71.024, 85.04, 71.024, 58.029, 85.04, 71.024, 58.029, 58.029, 85.04, 71.024, 58.029, 85.04, 71.024]",-5.4724
CNC(=O)Oc1cccc2ccccc21,"[145.065, 117.07, 155.06, 145.065, 117.07, 58.029, 145.065, 117.07, 155.06, 145.065, 117.07, 155.06, 145.065, 117.07, 155.06, 145.065, 117.07, 155.06, 145.065, 117.07, 155.06]",-5.8665
OC(=O)c1cc2ccccc2cc1,"[145.065, 155.06, 117.07, 129.07, 155.049, 145.065]",-5.1782
O=C1C=Cc2ccccc2O1,"[147.044, 103.054, 91.054]",-3.0088
CC(=O)C=Cc1ccccc1,"[147.08, 129.07, 128.062]",-1.9066
COC(=O)C(C)N(c1c(C)cccc1C)C(=O)Cc1ccccc1,"[148.112, 91.054, 294.149, 294.149, 208.133, 326.175, 148.112, 208.133, 91.054, 148.112, 91.054, 121.089, 148.112, 91.054, 121.089, 91.054, 148.112, 121.089, 91.054, 148.112, 121.089, 294.15, 208.133, 266.155, 294.149, 208.133, 266.154]",-5
CC(=O)Oc1ccccc1C(O)=O,"[149.023, 163.039, 181.049, 149.023, 163.039, 181.049, 149.023, 163.039, 121.028, 149.023, 163.039, 121.028, 149.023, 121.028, 65.038, 65.038, 121.028, 95.049, 65.038, 92.025, 95.049, 65.038, 92.025, 63.023, 63.023, 51.023, 65.038]",-4.5986
O=C(OC1CCCCC1)c1ccccc1C(=O)OC1CCCCC1,"[149.023, 167.034, 249.112]",-6.061
CC1(C)C(C1C=C(Cl)Cl)C(=O)OCc1cccc(c1)Oc1ccccc1,"[149.023, 167.034, 71.085, 149.023, 71.085, 167.034, 149.023, 71.085, 57.07, 149.023, 71.085, 57.07, 149.023, 121.028, 65.039, 149.023, 121.028, 65.039]",-7.6615
CCOC(=O)c1ccccc1C(=O)OCC,"[149.023, 177.055, 121.028, 177.054, 149.023, 65.038, 149.023, 177.055, 65.038, 149.023, 177.055, 121.028, 149.023, 121.028, 121.04, 149.023, 121.028, 121.04, 65.038, 149.023, 121.028, 65.039, 121.04, 121.028, 65.039, 53.002, 121.04, 65.039, 53.002, 67.989]",-2.6778
CCCCOC(=O)c1ccccc1C(=O)OCCCC,"[149.023, 205.086, 57.07, 149.024, 205.086, 57.07, 149.023, 57.07, 65.038, 149.024, 57.07, 121.028, 149.024, 121.028, 57.07, 149.024, 121.028, 65.039, 65.039, 149.024, 121.029, 65.039, 121.04, 121.028, 65.039, 53.002, 121.04, 65.039, 53.002, 53.998, 149.024, 121.029, 149.024, 121.029, 149.024, 205.087, 203.06, 149.024, 205.087, 203.06]",-4.6968
CCCCC(COC(=O)c1ccccc1C(=O)OCC(CCCC)CC)CC,"[149.024, 71.086, 167.034]",-6.8477
Cc1[n]c2ccccc2[s]1,"[152.017, 120.044, 110.06]",-1.5243
O=C1C2CCCC=2NC(=O)N1C1CCCCC1,"[153.066, 235.144, 136.039, 153.066, 235.144, 153.066, 153.066, 235.144, 83.085, 153.066, 83.085, 136.04, 153.066, 136.039, 135.055, 153.066, 136.039, 135.055, 153.066, 136.039, 135.055, 235.144, 153.066, 135.056, 153.066, 235.144, 83.086, 153.066, 83.086, 235.144, 153.066, 136.039, 135.055, 153.066, 136.039, 135.055, 153.066, 136.039, 135.055, 153.066, 153.066, 72.044, 133.007, 72.044, 153.066, 136.039, 153.066, 72.044, 133.007, 153.066, 72.044, 133.007]",-8.8239
CC1(C)CC(N)CC(C)(C1)CN,"[154.159, 171.185, 137.132, 154.16, 137.133, 95.086, 95.086, 81.07, 137.133, 154.16, 89.071, 107.061, 154.16, 89.071, 72.044]",-1.8239
CCOP(=O)(OCC)OCC,"[155.048, 127.016, 183.08, 127.016, 155.048, 128.021, 127.016, 98.984, 127.016, 155.047, 98.984, 127.016, 155.047, 98.984, 127.016, 155.047, 98.984, 127.016, 155.047, 98.984, 127.016, 116.995, 98.984, 116.995, 127.016, 98.984, 116.995, 80.974]",-0.4056
O=C(Nc1ccc(cc1)OC(F)(F)F)NC(=O)c1ccccc1Cl,"[156.021, 359.04, 138.994, 156.021, 138.994, 178.047, 138.994, 156.021, 113.015, 138.995, 156.021, 113.015, 138.995, 156.021, 129.01, 138.995, 139.005, 129.01]",-9.5229
CCOC(=O)C(O)(CC(=O)OCC)CC(=O)OCC,"[157.05, 133.049, 203.091]",-3.163
OC(=O)C1CC(=O)C(C(=O)C1)=C(O)C1CC1,"[157.05, 139.039, 207.065, 225.076, 69.034, 139.039, 225.076, 69.034, 111.044, 69.034, 111.044, 165.018, 69.034, 111.044, 85.028, 85.028, 69.034, 111.044, 85.028, 69.034, 99.008, 225.076, 69.034, 139.039, 225.076, 69.034, 111.044, 69.034, 111.044, 165.018, 69.034, 111.044, 85.028, 85.028, 69.034, 111.044, 85.028, 69.034, 99.008, 157.05, 139.039, 207.065]",-7.762
O=C(Nc1ccc(Cl)cc1)NC(=O)c1c(F)cccc1F,"[158.04, 311.039, 313.036, 158.04, 141.013, 159.044, 158.04, 141.014, 142.016, 141.014, 158.04, 140.031, 141.014, 158.04, 158.041, 141.014, 311.039]",-9.0458
O=C(Nc1cc(Cl)c(F)c(Cl)c1F)NC(=O)c1c(F)cccc1F,"[158.041, 141.014, 197.968, 380.981, 158.041, 158.041, 141.015, 158.041, 141.015, 195.961, 141.014, 158.041, 141.014, 141.026, 195.961, 141.014, 141.026, 195.96, 158.041, 380.981, 141.014, 158.041, 141.014, 197.968, 158.041, 141.014, 195.964, 141.014, 158.041, 195.965, 141.014, 195.964, 141.014, 141.025, 195.96, 158.041, 141.014, 197.968]",-11.2218
CON(C)C(=O)Nc1cc(Cl)c(Cl)cc1,"[159.972, 182.024, 249.019, 182.024, 159.972, 187.966, 249.019, 182.024, 159.971, 159.971, 182.024, 249.019, 159.972, 182.024, 160.979, 159.972, 160.979, 182.024, 132.961, 159.972, 160.979, 132.961, 160.979, 125.003, 249.019, 182.024, 159.971, 159.972, 182.024, 249.019, 159.972, 182.024, 160.979, 159.971, 160.979, 182.024, 132.961, 159.971, 160.979, 132.961, 160.979, 125.003, 182.024, 159.971, 187.966, 159.971, 182.024, 160.979, 132.961, 160.979, 125.003, 182.024, 159.971, 187.966, 182.024, 159.971, 187.966]",-5.8447
COP(=S)(OC)SCN1C(=O)c2ccccc2C1=O,"[160.039, 178.05, 113.06, 160.039, 133.028, 178.05, 160.039, 133.029, 105.034, 160.039, 133.028, 105.034, 160.039, 133.029, 105.034, 133.028, 95.049, 105.034]",-6.3098
COC(=O)Nc1[nH]c2ccccc2[n]1,"[160.05, 192.077, 132.056, 192.077, 160.051, 59.013, 160.05, 192.077, 59.013, 160.05, 192.077, 132.055, 160.05, 132.056, 192.077, 160.05, 132.056, 92.049, 160.05, 132.056, 105.045, 105.045, 132.056, 65.039, 65.039, 105.045, 90.034, 65.039, 105.045, 90.034, 160.05, 133.064, 160.05, 133.063, 160.05, 160.05]",-9.1249
Nc1cc(Cl)c(Cl)cc1,"[161.987, 127.018, 172.967]",-2.1993
CCC(=O)Nc1cc(Cl)c(Cl)cc1,"[161.987, 218.013, 127.018, 218.013, 161.987, 127.018, 161.987, 218.013, 127.018, 161.987, 127.018, 218.013, 127.018, 161.987, 57.034, 127.018, 161.987, 57.034, 127.018, 161.987, 57.034]",-6.0419
COC(=O)c1ccccc1C(=O)OC,"[163.039, 195.065, 163.039, 133.028, 77.038, 163.039, 133.029, 135.044, 163.039, 135.044, 133.028, 163.039, 135.044, 133.029, 95.049, 77.039, 105.045, 92.026, 77.038, 95.049, 92.026, 63.023, 77.038, 63.023, 51.023, 64.031]",-2.5114
CC(=O)CC(C1=C(O)c2ccccc2OC1=O)c1ccccc1,"[163.039, 251.071, 309.112, 251.07, 163.039, 183.08, 121.028, 163.039, 155.085, 163.039, 251.07, 147.081, 163.039, 251.07, 147.08]",-6.9355
CN1CCC[C@H]1c1c[n]ccc1,"[163.123, 132.081, 106.065, 163.123, 132.081, 106.065, 132.081, 163.123, 130.065, 132.081, 130.065, 106.065, 130.065, 117.057, 132.081, 130.065, 117.057, 132.081]",-1.4202
CN(/C=N/c1ccc(C)cc1C)/C=N/c1ccc(C)cc1C,"[163.123, 253.17, 163.123, 294.196, 253.169, 163.123, 253.17, 163.123, 253.169, 122.097, 163.123, 122.096, 132.081, 122.096, 163.123, 132.081, 107.073, 122.096, 105.07, 163.123, 294.196, 253.17, 163.123, 253.17, 163.123, 122.096, 253.17, 163.123, 122.096, 132.081, 122.096, 163.123, 107.073, 107.073, 105.07, 122.096, 163.123, 253.17]",-5.699
CC1(C)Cc2cccc(OC(=O)NC)c2O1,"[165.091, 222.112, 123.044, 165.091, 123.044, 222.112, 123.044, 165.091, 137.06, 123.044, 165.091, 137.06, 123.044, 91.054, 95.049, 123.044, 95.049, 91.054]",-5.3143
Nc1[n]c(NC2CC2)[n]c(N)[n]1,"[167.105, 168.107, 125.082, 167.105, 125.082, 168.107, 167.104, 125.082, 139.073, 151.073, 125.083, 127.072, 151.071, 167.104, 85.051, 60.056]",-8.4737
Cc1cc(ccc1)NC(=O)Oc1cc(ccc1)NC(=O)OC,"[168.065, 136.038, 169.068, 136.039, 168.065, 137.042, 136.038, 168.065, 137.042, 136.038, 137.042, 168.064, 136.039, 137.043, 168.065, 136.039, 168.065, 136.039, 136.039, 168.065, 108.044, 136.039, 108.044, 168.065, 136.039, 108.044, 93.033, 136.039, 108.044, 93.034, 65.039, 108.044, 121.04, 168.065, 136.039, 136.039, 168.065, 108.044, 136.039, 108.044, 168.065, 136.039, 108.044, 93.033, 136.039, 108.044, 121.04, 65.039, 108.044, 93.034, 168.065, 136.039]",-11
c1cccc2[nH]c3ccccc3c21,"[168.081, 115.017, 168.081, 141.07, 167.073]",-6.1249
c1ccccc1Nc1ccccc1,"[170.096, 93.057, 92.049, 170.096, 92.049, 93.057, 170.096, 93.057, 92.049, 170.096, 93.057, 92.049, 170.096, 93.057, 92.049, 93.057, 92.049, 170.096, 93.057, 92.049, 65.039]",-3.1739
CCNc1[n]c(NC(C)C)[n]c([n]1)OC,"[170.104, 212.151, 114.066, 212.15, 212.15, 170.103, 212.151, 170.104, 96.056, 170.104, 212.15, 100.051, 170.104, 100.05, 142.072, 100.051, 68.024, 69.008, 212.15, 170.103, 212.151, 170.104, 212.151, 170.104, 96.056, 170.104, 212.151, 100.051, 170.104, 100.051, 142.072, 100.05, 68.024, 69.008, 170.104, 212.15, 114.066]",-5.5376
COc1[n]c(NCC)[n]c(NC(C)CC)[n]1,"[170.104, 114.066, 142.072, 226.166, 226.167, 170.104, 96.056, 226.166, 170.104, 100.05, 170.104, 226.167, 100.051, 170.104, 100.051, 142.072, 100.05, 68.024, 69.008, 226.167, 173.114, 226.166, 170.104, 100.05, 226.167, 170.104, 100.051, 170.104, 226.167, 100.051, 170.103, 100.05, 142.072, 100.05, 68.024, 69.008, 170.104, 114.066, 226.166]",-5.1367
CCNc1[n]c(NC(C)(C)C)[n]c([n]1)OC,"[170.104, 114.067, 142.072, 226.167, 226.166, 170.104, 170.104, 226.166, 142.072, 170.104, 142.072, 114.066, 170.103, 142.072, 100.051, 100.051, 69.008, 75.055, 226.166, 170.104, 226.167, 170.104, 170.104, 226.166, 142.072, 170.104, 142.072, 114.066, 170.104, 142.072, 100.051, 100.051, 69.008, 75.055, 170.104, 114.066, 226.167]",-5.699
CN(C)C1=NC(=O)N(C2CCCCC2)C(=O)N1C,"[171.088, 253.166, 71.06, 253.166, 171.088, 71.06, 171.088, 253.166, 71.06, 171.088, 71.06, 85.076, 71.06, 171.088, 85.076, 71.06, 85.076, 171.088, 71.06, 85.076, 83.024, 71.06, 85.076, 58.065, 71.06, 69.045, 85.076, 69.045, 71.06, 55.029]",-6.6478
N#Cc1c(Cl)cccc1Cl,"[171.971, 171.971, 171.971, 171.971, 164.002, 164.001, 171.971, 164.001, 100.018, 171.971, 171.971, 171.971, 164.001, 171.971, 164.001, 164.001, 171.972, 100.018]",-3.1805
[O-][N+](=O)c1cc(Cl)c(cc1)NC(=O)c1cc(Cl)ccc1O,"[174.992, 251.0, 98.984, 98.984, 154.989, 174.992, 98.984, 154.989, 127.018, 98.984, 154.989, 127.018, 98.984, 154.989, 127.018, 98.984, 154.989, 72.984]",-10.8268
Cc1ccc(cc1N=C=O)N=C=O,"[175.05, 147.055, 132.044]",-2.0969
c1[n]c2ccccc2c2ccccc21,"[180.081, 152.062, 180.081]",-4.6821
c1c2ccccc2[n]c2ccccc21,"[180.081, 180.081]",-3.8697
CCOC(=O)Nc1cccc(c1)OC(=O)Nc1ccccc1,"[182.08, 136.038, 183.083, 136.038, 154.049, 182.08, 136.038, 154.049, 182.08, 136.038, 154.049, 137.041, 136.038, 137.042, 154.049, 182.081, 136.039, 154.05, 182.081, 136.039, 154.05, 136.039, 154.05, 182.081, 136.039, 154.05, 108.044, 136.039, 108.044, 154.05, 136.039, 108.044, 121.04, 108.044, 65.038, 121.04, 182.081, 136.039, 154.05, 136.039, 154.05, 182.081, 136.039, 154.05, 108.044, 136.039, 108.044, 154.05, 136.039, 108.044, 121.04, 108.044, 121.04, 65.038, 182.081, 136.039, 154.05]",-8.5229
CCNc1[n]c(NC(C)(C)C)[n]c([n]1)SC,"[186.081, 242.143, 91.032, 186.081, 171.057, 242.143, 242.144, 186.083, 227.119, 242.144, 186.081, 186.081, 242.144, 91.032, 186.081, 91.033, 138.078, 186.081, 91.032, 68.024, 68.024, 96.056, 91.032, 242.143, 186.081, 227.12, 242.143, 186.081, 227.12, 186.081, 242.143, 91.032, 186.081, 91.032, 158.049, 186.081, 91.032, 68.024, 68.024, 91.032, 96.056, 186.081, 171.057, 242.143]",-5.7721
CCCCN(CCCC)CCCC,"[186.221, 130.159, 74.096, 186.221, 130.159, 74.096, 186.222, 130.159, 74.096, 186.222, 130.159, 74.096, 130.159, 186.222, 57.07, 57.07, 130.159, 74.096]",-1.0297
CC(C)Nc1[n]c(Cl)[n]c(NC(C)C)[n]1,"[188.07, 146.023, 152.118, 230.117, 230.117, 188.07, 146.023, 188.07, 230.117, 146.023, 146.023, 188.07, 104.001, 146.023, 104.001, 79.006, 146.023, 104.001, 79.006, 230.117, 188.07, 146.023, 230.117, 188.07, 146.023, 188.07, 230.117, 146.023, 146.023, 188.07, 104.001, 146.023, 104.001, 79.006, 146.023, 104.001, 79.006, 188.07, 146.023, 152.118]",-6.8827
CC(C)(C#C)NC(=O)c1cc(Cl)cc(Cl)c1,"[189.982, 172.956, 256.029, 189.982, 256.029, 172.956, 189.982, 172.956, 256.029, 172.956, 189.982, 67.054, 172.956, 172.966, 189.982, 172.967, 172.956, 67.054, 172.967, 172.956, 108.984]",-6.3615
OC(=O)c1[n]c(Cl)ccc1Cl,"[191.961, 163.966, 145.956]",-4.9208
Cc1cc(ccc1)C(=O)N(CC)CC,"[192.138, 193.141, 119.048, 119.049, 192.138, 193.141, 119.049, 120.052, 192.137, 119.049, 118.064, 120.051, 119.049, 192.138, 100.076, 119.049, 192.139, 100.076, 192.138, 119.049, 192.139, 119.049, 72.044, 119.049, 192.138, 100.076, 119.049, 192.138, 91.054, 119.049, 91.054, 119.061, 91.054, 119.049, 119.061, 192.138, 119.049, 176.107, 192.138, 119.049, 100.076, 119.049, 192.138, 72.044, 119.049, 192.138, 91.054, 119.049, 91.054, 119.06, 91.054, 119.049, 119.06, 119.049, 192.138, 100.076, 192.138, 119.049, 91.054, 119.049, 91.054, 72.045, 91.054, 65.039, 44.013, 119.049, 192.139, 91.055, 119.049, 91.054, 109.065, 119.049, 192.139, 100.076, 119.049, 100.076, 91.055, 77.039, 105.045, 95.049, 77.039, 105.045, 95.049, 77.039, 105.045, 77.039, 105.045]",-2.699
C/C(=C\C(=O)NC)/OP(=O)(OC)OC,"[193.027, 127.016, 167.047, 127.016, 128.019, 193.026, 127.016, 128.019, 109.005, 127.016, 128.019, 109.005, 127.015, 109.004, 129.019]",-5.6615
CC(C)N(C(=O)COc1[n][n]c([s]1)C(F)(F)F)c1ccc(F)cc1,"[194.097, 364.074, 152.05, 152.05, 194.097, 124.055, 152.05, 124.055, 152.087, 152.05, 124.055, 152.087, 124.055, 152.05, 152.087, 152.051, 194.098, 124.056, 194.097, 152.051, 124.055, 194.097, 152.051, 364.073, 152.051, 194.097, 152.087, 152.051, 124.056, 152.087, 124.056, 152.051, 109.045, 124.056, 109.045, 152.05, 124.056, 97.045, 109.045, 194.097, 152.051, 364.073, 152.051, 194.097, 152.087, 152.051, 124.056, 152.087, 124.056, 152.05, 109.045, 124.056, 109.045, 152.05, 124.056, 97.045, 109.045, 194.097, 152.051, 124.056]",-6.1707
Oc1cc2c(cc1)C(=O)c1ccccc1C2=O,"[197.06, 153.07, 105.033, 197.06, 153.07, 169.065]",-10.1646
Oc1cccc2c1C(=O)c1ccccc1C2=O,"[197.06, 153.07, 105.034, 197.06, 153.07, 105.033]",-6.6792
COc1[n]c(NCC)[n]c(NCC)[n]1,"[198.135, 114.066, 170.104, 198.135, 198.135, 124.087, 170.104, 198.135, 124.087, 128.082, 198.135, 128.082, 124.087, 100.051, 128.082, 68.024, 100.051, 68.024, 96.056, 198.135, 183.112, 198.135, 124.087, 114.066, 198.135, 128.082, 124.087, 198.135, 128.082, 124.087, 100.051, 128.082, 68.024, 100.051, 68.024, 96.056, 198.135, 114.066, 170.104]",-5.6198
CNC(=O)CSP(=S)(OC)OC,"[198.966, 230.008, 170.97, 124.982, 170.97, 142.993, 124.982, 142.993, 156.954, 124.982, 142.993, 156.954, 124.982, 142.993, 123.998, 142.993, 198.965, 170.97, 198.965, 170.97, 197.981, 198.965, 170.97, 230.007, 170.97, 198.965, 124.982, 124.982, 142.993, 170.97, 124.982, 142.993, 156.954, 124.982, 142.993, 78.994, 124.982, 142.993, 78.994, 198.965, 170.97, 230.007, 170.97, 198.965, 124.982, 124.982, 142.993, 170.97, 124.982, 142.993, 156.954, 124.982, 142.993, 78.994, 124.982, 142.993, 78.994, 198.965, 170.97, 197.981, 124.982, 142.993, 170.97, 124.982, 142.993, 78.994, 198.965, 170.97, 88.021, 198.964, 170.97, 88.021]",-4.727
CC(C)N1C(=O)c2ccccc2NS1(=O)=O,"[199.017, 199.017, 199.017, 135.055, 120.045, 199.017, 135.055, 120.044, 107.06, 135.055, 120.044, 107.06, 120.044, 92.049, 107.06, 80.049, 120.044, 199.017, 199.017, 120.044, 199.017, 135.055, 107.06, 107.06, 120.044, 135.055, 107.06, 120.044, 80.049, 107.06, 80.049, 120.044, 199.017]",-5.4622
CSc1[n]c(NC(C)C)[n]c(NC(C)C)[n]1,"[200.097, 158.05, 242.143, 242.144, 158.049, 242.144, 200.097, 158.049, 242.143, 200.097, 158.05, 158.05, 200.096, 68.024, 158.05, 68.024, 116.028, 158.049, 68.024, 116.028, 242.144, 200.097, 227.12, 242.144, 200.096, 158.05, 242.143, 200.097, 158.05, 158.05, 200.096, 68.024, 158.05, 68.024, 116.028, 158.05, 68.024, 116.028, 200.097, 158.05, 242.143, 158.049, 200.096, 242.143, 158.049, 116.028, 85.051, 200.096, 158.049, 242.143, 200.096, 158.049, 152.118]",-5.9066
Cc1cc(C)[n]c(Nc2ccccc2)[n]1,"[200.118, 107.06, 183.092, 200.118, 200.118, 200.118, 183.091, 82.065, 200.118, 183.092, 107.06, 200.118, 183.092, 107.06, 200.118, 82.065, 107.06, 200.118, 200.118, 200.118, 107.06, 183.092, 200.118, 183.092, 107.06, 200.118, 183.092, 107.06, 200.118, 82.065, 107.06, 200.118, 107.06, 183.092]",-4.7825
Oc1ccc2ccc3cccc4ccc1c2c34,"[201.07, 191.081, 191.086, 201.07, 203.143, 202.077]",-8.3161
c1[n]c(c[s]1)-c1[nH]c2ccccc2[n]1,"[202.045, 175.033, 131.061, 175.032, 131.06, 202.043, 131.06, 175.032, 143.06, 202.043, 175.032, 131.06, 202.043, 175.033, 65.039, 202.043, 175.033, 65.038, 202.043, 175.032, 131.06, 202.043, 175.032, 131.06, 175.032, 202.043, 131.06, 175.032, 131.06, 202.043, 202.043, 175.032, 158.071, 175.032, 202.043, 131.06, 202.043, 175.032, 158.071, 175.032, 158.071, 131.06]",-8.3979
CCNc1[n]c(Cl)[n]c(NCC)[n]1,"[202.085, 204.082, 203.087, 202.085, 132.031, 124.086, 132.031, 124.087, 202.084, 146.023, 202.085, 79.006, 124.087, 202.086, 132.032, 202.085, 124.087, 202.086, 124.087, 132.032, 202.086, 132.032, 124.087, 132.032, 202.085, 124.087, 104.001, 68.024, 132.032, 68.024, 104.001, 96.056, 202.085, 71.06, 202.085, 124.087, 132.032, 202.085, 132.032, 124.087, 202.085, 132.032, 124.087, 104.001, 68.024, 96.056, 104.001, 68.024, 96.056, 202.085, 124.087, 132.032, 202.085, 132.032, 124.087, 104.001, 96.055, 132.032, 202.085, 124.087, 132.032, 124.087, 132.032, 174.054]",-7.6556
COc1c(C(O)=O)c(Cl)ccc1Cl,"[202.966, 202.965, 202.967, 202.966, 202.966, 202.966]",-4.4711
CC1=NN=C(C(=O)N1N)c1ccccc1,"[203.093, 204.095, 175.096, 203.093, 175.097, 145.038, 175.096, 203.091, 174.077, 175.097, 118.052, 203.093, 175.098, 104.049, 175.098, 174.079, 106.065, 203.093, 203.093, 175.098, 174.079, 203.093, 175.098, 174.079, 175.098, 203.092, 104.049, 104.049, 175.098, 174.079, 104.049, 77.039, 175.098, 203.093, 175.097, 104.049, 203.093, 175.098, 174.079, 203.093, 175.098, 174.079, 175.098, 203.093, 104.049, 104.05, 175.098, 77.039, 104.049, 77.039, 175.098, 175.098, 174.079, 106.065, 175.098, 203.093, 104.049, 104.049, 175.098, 77.038, 203.093, 175.098, 174.079, 175.098, 174.079, 106.065]",-8.1904
CC1NC(=O)N(C(C)CC)C(=O)C=1Br,"[204.961, 204.961, 261.024, 206.956, 204.961, 261.023, 187.933, 204.961, 187.934, 161.955, 204.961, 187.934, 161.955, 204.961, 187.934, 161.955, 131.944, 187.934, 161.955, 204.961, 261.023, 204.961, 261.023, 161.955, 204.961, 187.934, 161.955, 204.961, 187.934, 161.955, 204.961, 187.934, 161.955, 131.944, 187.934, 161.955, 204.961, 206.956]",-6.5129
CCCCCCCCSC(=O)Oc1cc(Cl)[n][n]c1-c1ccccc1,"[207.032, 351.129, 319.157, 207.032, 71.085, 57.07, 207.032, 57.07, 71.085, 207.032, 104.049, 57.07, 104.049, 207.032, 68.013, 68.013, 95.049, 104.049, 68.013, 95.049, 105.045, 68.013, 51.023, 95.049, 51.023, 68.013, 50.015]",-9.011
CCOC(=O)C1CC(=O)C(=C(O)C2CC2)C(=O)C1,"[207.065, 185.081, 179.07, 253.107, 207.065, 185.081, 207.065, 69.034, 253.107, 69.034, 165.018, 139.039, 69.034, 137.023, 139.039, 69.034, 68.997, 111.044, 69.033, 68.997, 111.044, 253.107, 207.065, 185.081, 207.065, 69.034, 253.107, 69.034, 165.018, 139.039, 69.034, 137.023, 139.039, 69.034, 68.997, 111.044, 69.034, 68.997, 111.044, 207.065, 185.081, 179.07]",-4.7905
CN(C)C(=O)Nc1ccc(cc1)C(C)C,"[207.149, 208.152, 165.101, 207.149, 165.101, 134.095, 134.096, 165.101, 162.089, 134.095, 119.072, 118.064, 118.065, 119.071, 134.096, 72.044, 207.149, 165.102, 72.044, 165.102, 207.149, 207.149, 72.044, 165.102, 207.149, 72.044, 165.102, 72.044, 207.149, 165.102, 72.044, 165.102, 134.096, 72.044, 134.096, 91.054, 72.044, 134.096, 91.054, 207.149, 72.044, 165.102, 207.149, 72.044, 165.102, 72.044, 207.149, 165.102, 72.044, 165.102, 134.096, 72.044, 134.096, 91.054, 72.044, 134.096, 91.054, 72.044, 165.102, 207.149, 72.044, 165.102, 134.096, 72.044, 134.096, 107.085, 72.044, 165.102, 162.091, 72.044, 165.102, 162.091]",-7.6073
C=CCN(CC=C)C(=O)C(Cl)Cl,"[208.03, 210.027, 139.967, 139.966, 208.03, 141.962]",-2.2218
CC(C)N(C(=O)CCl)c1ccccc1,"[212.083, 170.036, 214.08, 170.036, 172.033, 171.039, 170.036, 172.033, 152.025, 152.025, 170.036, 172.033, 170.037, 212.084, 94.065, 170.037, 152.026, 212.085, 212.084, 170.037, 152.025, 170.037, 212.084, 152.026, 170.037, 152.026, 212.083, 170.037, 94.065, 106.065, 94.065, 106.065, 170.037, 94.065, 106.065, 77.038, 212.084, 170.037, 152.026, 170.037, 212.084, 152.026, 170.037, 212.084, 152.026, 170.037, 94.065, 106.065, 94.065, 106.065, 170.037, 94.065, 106.065, 77.039, 170.037, 152.026, 212.084]",-3.6383
CNC(=O)CSP(=O)(OC)OC,"[214.031, 182.988, 196.02, 124.982, 154.993, 142.993, 124.983, 142.993, 154.993, 124.983, 142.993, 127.016, 124.983, 142.993, 127.016]",-4.6055
Cc1c(c(NC(CC)CC)c(cc1C)[N+]([O-])=O)[N+]([O-])=O,"[214.071, 176.143, 212.067, 212.067, 71.085, 194.056, 212.067, 194.056, 71.085, 194.056, 212.067, 118.052, 91.042, 148.063, 119.06, 119.06, 91.042, 92.049, 92.049, 119.06, 65.039, 194.056, 148.063, 118.053, 119.06, 148.063, 92.049, 212.066, 194.056, 266.02, 212.067, 194.056, 266.019]",-4.5229
CCNc1[n]c(Cl)[n]c(NC(C)(C)C#N)[n]1,"[214.086, 205.12, 174.054, 241.096, 214.085, 71.06, 241.097, 214.086, 205.12, 214.085, 241.097, 174.054, 214.085, 104.001, 132.032, 104.001, 68.024, 96.056, 104.001, 68.024, 71.06, 241.096, 214.085, 241.096, 214.085, 205.12, 214.085, 241.096, 174.054, 214.085, 104.001, 132.032, 104.001, 68.024, 96.056, 104.001, 68.024, 71.06, 214.085, 205.12, 174.054]",-6.8601
CCOP(=O)(SCCC)SCCC,"[215.033, 243.064, 172.986, 172.986, 130.939, 114.961, 130.939, 114.961, 172.986, 130.939, 114.961, 96.951, 114.961, 96.951, 130.939, 114.961, 96.951, 130.939, 114.961, 96.951, 64.979, 64.979, 114.961, 94.918, 64.979, 94.917, 114.961]",-3.4202
CN(OC)C(=O)Nc1ccc(Cl)cc1,"[215.058, 126.01, 148.063, 126.01, 148.063, 215.058, 126.01, 148.063, 127.018, 126.01, 127.018, 98.999, 98.999, 126.01, 127.018, 98.999, 127.018, 126.01]",-3.8239
CSC1=NN=C(C(=O)N1N)C(C)(C)C,"[215.096, 216.098, 217.092, 215.096, 187.101, 216.098, 187.1, 215.095, 131.038, 156.058, 131.038, 184.053, 156.058, 141.036, 140.039, 215.096, 187.101, 84.081, 187.101, 186.082, 131.027, 215.096, 215.096, 187.101, 186.082, 215.096, 187.101, 186.082, 187.101, 215.095, 131.039, 187.101, 74.006, 131.039, 74.006, 59.99, 58.04, 215.096, 186.083, 187.101, 215.096, 187.101, 186.082, 215.096, 187.101, 186.082, 187.101, 215.096, 131.039, 187.101, 74.006, 131.039, 74.006, 59.99, 58.04, 187.101, 186.082, 131.027]",-6.3615
CCNc1[n]c(Cl)[n]c(NC(C)C)[n]1,"[216.101, 218.098, 217.103, 174.053, 216.101, 176.05, 174.053, 132.032, 176.05, 146.022, 132.032, 174.053, 146.022, 132.032, 138.076, 216.101, 174.054, 96.056, 174.054, 138.103, 96.056, 216.101, 216.101, 174.055, 96.056, 174.054, 216.101, 104.001, 174.054, 104.001, 132.032, 104.001, 174.054, 68.024, 104.001, 68.024, 79.006, 216.101, 216.101, 174.054, 96.055, 174.054, 216.101, 104.001, 174.054, 104.001, 132.032, 174.054, 104.001, 68.024, 104.001, 68.024, 79.006, 174.054, 138.103, 96.056, 174.054, 216.101, 104.001, 104.001, 174.054, 96.055, 174.054, 216.101, 138.103, 174.054, 138.103, 96.056, 174.054, 216.101, 96.056, 174.054, 216.101, 138.102]",-6.5391
COCC(=O)N(c1c(C)cccc1C)N1CCOC1=O,"[219.113, 102.055, 132.081, 219.113, 133.089, 132.081, 133.089, 132.081, 119.086, 132.081, 133.089, 117.057, 132.081, 133.089, 117.057, 132.081, 117.057, 118.065]",-7.6055
COCC(=O)N(C(C)C(=O)OC)c1c(C)cccc1C,"[220.133, 192.138, 160.112, 248.128, 220.133, 192.138, 280.154, 248.128, 220.133, 192.138, 220.133, 160.112, 192.138, 160.112, 220.133, 160.112, 192.138, 148.112, 160.112, 134.096, 132.081, 132.081, 134.096, 160.112, 280.154, 248.128, 220.133, 192.138, 220.133, 160.112, 192.138, 160.112, 220.133, 160.112, 192.138, 148.112, 160.112, 134.096, 145.089, 132.081, 134.096, 160.112, 248.128, 220.133, 192.138]",-4.9279
NC1C=NN(C(=O)C=1Cl)c1ccccc1,"[222.042, 224.04, 223.045, 222.042, 224.04, 146.01, 146.011, 222.042, 128.984, 146.011, 130.064, 150.01, 222.043, 104.049, 92.049, 104.049, 222.043, 186.066, 222.043, 77.038, 222.043, 104.05, 77.038, 222.043, 104.05, 92.049, 222.043, 104.049, 92.049, 92.05, 104.05, 222.043, 92.049, 77.039, 65.039, 222.043, 77.038, 222.043, 104.049, 222.043, 104.049, 92.049, 222.043, 104.049, 92.049, 92.049, 104.049, 222.043, 92.049, 77.039, 65.039, 104.049, 186.066, 193.029, 222.043, 104.049, 92.049, 92.049, 104.049, 77.038, 222.043, 104.049, 186.066, 104.049, 186.066, 205.016]",-6.3468
CN(C)S(=O)(=O)N(SC(F)(Cl)Cl)c1ccccc1,"[223.949, 225.946, 224.952, 223.949, 123.013, 225.946, 123.013, 223.949, 225.946, 123.013, 122.005, 223.95, 223.95, 123.013, 121.088, 123.014, 223.95, 121.089, 123.014, 223.95, 121.089, 123.014, 95.049, 96.003, 123.014, 95.049, 96.003, 123.014, 95.049, 96.003]",-6.9508
COCCN(C(=O)CCl)c1c(C)cccc1C,"[224.084, 256.11, 226.081, 224.084, 226.081, 148.111, 148.111, 224.084, 226.081, 148.111, 133.087, 224.083, 148.111, 133.087, 118.064, 224.084, 148.112, 256.11, 224.084, 224.084, 256.11, 224.084, 256.11, 148.112, 224.084, 148.112, 132.081, 148.112, 224.084, 132.081, 148.112, 105.07, 132.081, 148.112, 105.07, 132.081, 224.084, 256.11, 173.015, 224.084, 256.11, 148.112, 224.084, 148.112, 132.081, 148.112, 224.084, 132.081, 148.112, 105.07, 132.081, 148.112, 105.07, 132.081, 224.084]",-4.9469
Cc1cc(C#CC)[n]c(Nc2ccccc2)[n]1,"[224.119, 106.065, 223.11, 224.119, 106.065, 183.092, 224.119, 106.065, 209.095, 224.119, 106.065, 209.095, 106.065, 224.119, 104.05, 106.065, 95.049, 79.054]",-6.7595
Cc1cc([n]c(Nc2ccccc2)[n]1)C1CC1,"[226.134, 210.102, 144.081, 226.134, 226.134, 226.134, 108.081, 133.076, 226.134, 108.081, 133.076, 226.134, 108.081, 93.057, 93.057, 226.135, 108.081, 226.134, 226.134, 226.134, 108.081, 185.107, 226.134, 108.081, 133.076, 226.134, 108.081, 93.057, 93.057, 108.081, 91.054, 226.134, 210.102, 185.107]",-5.4342
COc1[n]c(NC(C)C)[n]c(NC(C)C)[n]1,"[226.166, 227.169, 184.118, 226.166, 184.118, 142.071, 142.071, 184.118, 226.166, 142.072, 184.119, 143.074, 142.071, 143.075, 125.045, 184.119, 142.072, 226.166, 226.166, 226.167, 184.119, 142.073, 226.166, 184.119, 142.072, 142.072, 184.119, 226.166, 142.072, 100.051, 86.035, 142.072, 86.035, 100.051, 226.166, 184.119, 211.142, 226.166, 184.119, 142.072, 226.166, 184.119, 142.072, 142.072, 184.119, 226.166, 142.072, 86.035, 100.051, 142.072, 86.035, 100.051, 184.119, 142.072, 226.166]",-5.6383
CC(CC)SP(=O)(OCC)N1CCSC1=O,"[227.991, 104.016, 199.959, 104.016, 227.991, 199.96, 104.016, 199.959, 137.959, 104.016, 137.959, 199.96, 104.016, 137.959, 61.011]",-5.3768
CCNc1[n]c(NC(C)C)[n]c([n]1)SC,"[228.128, 186.081, 96.056, 228.128, 186.081, 96.055, 228.128, 186.081, 96.056, 186.081, 228.128, 96.056, 186.081, 96.056, 91.032, 96.056, 186.081, 68.024, 68.024, 96.056, 71.06, 186.081, 228.128, 96.056, 96.055, 116.028, 186.081, 186.081, 228.128, 96.056, 186.081, 138.103, 96.056]",-5.5622
COc1ccc(cc1Cl)NC(=O)N(C)C,"[229.074, 72.044, 184.016, 72.044, 229.074, 156.021, 72.044, 156.021, 229.074, 72.044, 156.021, 149.047, 72.044, 156.021, 106.029, 72.044, 106.029, 156.021, 72.044, 80.013, 56.013, 72.044, 56.013, 52.018, 72.044, 52.018, 56.013]",-4.4908
CCNc1[n]c(Cl)[n]c(NC(C)(C)C)[n]1,"[230.116, 232.113, 174.053, 174.053, 176.05, 230.116, 174.053, 176.05, 132.031, 174.053, 132.031, 146.022, 174.054, 230.117, 96.056, 174.054, 230.117, 230.117, 174.054, 79.006, 174.054, 230.117, 146.023, 174.054, 132.032, 146.023, 174.054, 104.001, 68.024, 68.024, 104.001, 79.006, 230.117, 174.054, 230.117, 174.054, 132.032, 174.054, 230.117, 146.023, 174.054, 132.032, 146.023, 174.054, 104.001, 68.024, 104.001, 68.024, 79.006, 174.054, 174.054, 132.032, 146.023, 104.001, 174.054, 96.055, 174.054, 230.117, 174.054]",-5.9508
CN(C)C(=O)Nc1cc(Cl)c(Cl)cc1,"[233.024, 235.021, 187.965, 159.97, 161.967, 187.965, 159.97, 161.967, 132.96, 132.959, 125.001, 134.957, 72.044, 233.024, 159.972, 72.044, 233.024, 72.044, 233.024, 72.044, 187.966, 72.044, 233.024, 159.971, 72.044, 159.971, 187.966, 72.044, 159.971, 132.961, 72.044, 159.971, 132.961, 233.024, 72.044, 233.024, 72.044, 187.966, 72.044, 233.024, 187.966, 72.044, 159.971, 187.966, 72.044, 159.971, 132.961, 72.044, 159.971, 132.961, 72.044, 187.966]",-7.1612
CN(C)C(=O)Nc1cc(ccc1)C(F)(F)F,"[233.09, 72.044, 213.083, 72.044, 233.09, 213.083, 72.044, 233.09, 188.032, 72.044, 160.037, 168.026, 72.044, 160.037, 145.026, 72.044, 145.026, 160.037, 72.044, 145.026, 56.013, 72.044, 56.013, 75.023, 72.044, 75.023, 56.013]",-6.0278
CCOP(=S)(Oc1ccc(cc1)[N+]([O-])=O)OCC,"[235.977, 264.009, 292.04, 235.977, 140.034, 253.988, 235.978, 140.034, 94.041, 94.041, 114.961, 123.031, 94.041, 114.961, 123.031, 94.041, 114.961, 123.031]",-5.1752
Nc1c(Cl)c(F)[n]c(OCC(O)=O)c1Cl,"[236.963, 208.968, 196.968, 254.973, 236.963, 208.968, 208.968, 196.968, 236.962, 180.973, 208.968, 196.968, 180.973, 196.968, 208.968, 180.973, 196.968, 163.007, 146.004, 151.946, 180.973, 254.973, 236.962, 208.968, 208.968, 196.968, 236.963, 180.973, 208.968, 196.968, 180.973, 196.968, 208.968, 180.973, 196.968, 163.007, 146.004, 151.946, 180.973, 236.963, 208.968, 196.968]",-10.5467
OC(=O)COc1[n]c(Cl)c(Cl)cc1Cl,"[237.923, 209.927, 197.927, 255.933, 237.922, 209.927, 209.928, 197.927, 237.922, 209.928, 181.933, 197.928, 145.956, 163.966, 181.933, 145.956, 179.917, 163.966, 179.917, 145.956, 109.979, 255.933, 237.922, 209.927, 209.927, 197.927, 237.922, 209.927, 181.932, 197.927, 145.956, 163.966, 181.933, 179.917, 145.956, 163.966, 179.917, 145.956, 109.979, 237.922, 209.927, 197.927]",-5.8996
CN(SN(CCC(=O)OCC)Cc1ccccc1)C(=O)O/N=C(/C)\SC,"[238.09, 138.037, 91.054, 91.054, 138.037, 150.037, 91.054, 150.037, 138.037, 91.054, 73.028, 150.037, 91.054, 73.028, 123.026, 91.054, 73.028, 123.026]",-7.4559
CC(C)NC(=O)N1CC(=O)N(c2cc(Cl)cc(Cl)c2)C1=O,"[244.988, 330.041, 287.994, 244.988, 216.993, 287.994, 244.988, 161.987, 173.987, 173.987, 56.013, 161.987, 173.987, 56.013, 161.987, 56.013, 173.987, 98.984]",-8.426
O=C(Nc1ccccc1)Nc1cc(Cl)[n]cc1,"[248.058, 129.021, 155.001, 129.021, 155.001, 248.059, 129.021, 155.001, 111.055, 129.021, 111.055, 155.001, 111.055, 129.021, 93.045, 111.055, 129.021, 93.045, 111.055, 66.034, 93.045, 66.034, 111.055, 56.05, 66.034, 52.018, 67.029]",-9.4622
CS(=O)(=O)c1cc(ccc1C(=O)c1c[n]oc1C1CC1)C(F)(F)F,"[250.998, 360.051, 283.025, 250.999, 283.025, 69.034, 250.999, 220.988, 219.98, 250.999, 219.98, 189.016, 219.98, 160.013, 250.999, 132.018, 163.99, 101.02, 125.02, 101.02, 143.011, 75.023, 125.02, 143.011, 75.023, 74.015, 63.023]",-8.1249
CC1COC(C[n]2c[n]c[n]2)(O1)c1ccc(cc1Cl)Oc1ccc(Cl)cc1,"[251.002, 406.072, 337.039, 337.039, 251.002, 291.033, 406.072, 337.039, 251.003, 251.003, 337.039, 406.073, 251.002, 264.982, 291.034, 251.002, 188.039, 223.007, 251.003, 188.039, 139.006, 139.006, 188.039, 141.01, 406.071, 337.039, 251.002, 337.039, 406.072, 251.002, 264.981, 291.033, 251.002, 188.039, 223.007, 188.039, 251.002, 139.006, 139.006, 188.039, 153.07, 337.039, 251.002, 291.034]",-9.6021
CCCOCCN(C(=O)CCl)c1c(CC)cccc1CC,"[252.115, 312.173, 176.144, 252.115, 176.143, 312.172, 252.115, 176.143, 146.096, 176.143, 252.115, 147.104, 147.104, 176.143, 105.07, 132.081, 147.104, 105.07]",-6.0013
C1COCCN1Sc1[n]c2ccccc2[s]1,"[253.047, 86.06, 87.068]",-5.4763
CCCCC/C=C\C/C=C\CCCCCCCC(O)=O,"[263.237, 245.226, 97.101, 97.101, 83.085, 69.07, 69.07, 81.07, 83.085, 69.07, 81.07, 95.085, 81.07, 67.054, 69.07, 67.054, 81.07, 91.054]",-6.0615
COP(=S)(Oc1ccc(cc1)[N+]([O-])=O)OC,"[264.009, 142.993, 249.994]",-5.4559
O=C(Nc1ccc(F)cc1F)c1ccc[n]c1Oc1cc(ccc1)C(F)(F)F,"[266.042, 395.082, 246.036, 266.042, 375.075, 246.036, 395.081, 266.042, 395.081, 375.075, 266.042, 246.036, 233.053, 266.042, 246.036, 238.047, 238.047, 218.041, 183.042, 218.041, 169.052, 190.046, 395.081, 219.048, 266.042, 395.081, 375.074, 266.042, 246.036, 233.052, 266.042, 238.047, 246.036, 238.047, 218.041, 266.042, 218.041, 183.042, 169.052, 266.042, 375.075, 246.036, 266.043, 246.036, 238.048, 218.041, 238.048, 183.042, 266.042, 375.075, 246.036, 266.042, 375.075, 246.036]",-7.4976
Cc1ccccc1OCc1ccccc1/C(=N\OC)/C(=O)OC,"[267.101, 282.112, 206.081, 222.091, 116.05, 282.113, 222.091, 116.049, 131.073, 116.049, 131.073, 222.091, 131.073, 116.049, 194.096, 116.049, 131.073, 89.038, 116.049, 89.038, 131.073, 222.091, 116.049, 132.081, 222.091, 131.073, 116.049, 131.073, 222.091, 116.049, 116.049, 131.073, 222.091, 131.073, 116.049, 130.065, 116.049, 89.038, 130.065, 267.101, 282.112, 206.081]",-7.7645
COC(=O)C(C)N(c1c(C)cccc1C)C(=O)c1ccco1,"[270.113, 242.118, 302.139, 242.118, 95.013, 270.113, 95.013, 242.118, 146.096, 95.013, 242.118, 83.013, 95.013, 83.013, 105.07, 95.013, 83.013, 105.07]",-6.2798
CC(Oc1cccc2ccccc21)C(=O)N(CC)CC,"[272.164, 199.075, 273.168, 171.08, 129.114, 199.075, 171.08, 129.114, 143.084, 171.08, 143.085, 153.069, 128.061, 153.068, 127.053, 199.076, 171.081, 128.107, 272.165, 199.076, 74.096, 129.115, 171.081, 199.075, 171.081, 129.115, 58.065, 171.081, 58.065, 72.081, 58.065, 72.081, 171.08, 58.065, 128.062, 72.081, 272.164, 199.075, 74.096, 129.115, 171.081, 199.076, 171.081, 129.115, 58.065, 171.081, 58.065, 72.081, 58.065, 72.081, 171.08, 58.065, 128.062, 72.081, 199.075, 171.081, 128.107]",-6.7645
CC(Cc1ccc(cc1)C(C)(C)C)CN1CCCCC1,"[274.253, 147.117, 86.096, 147.117, 274.253, 86.097, 274.253, 274.253, 274.253, 147.117, 86.097, 274.253, 147.117, 86.097, 147.117, 86.097, 132.093, 132.093, 147.117, 119.085, 274.253, 274.253, 274.253, 147.117, 86.097, 274.253, 147.117, 86.096, 147.117, 86.097, 132.093, 132.093, 147.117, 119.085, 147.117, 86.096, 218.19]",-3.8928
Cc1cc(ccc1SC)OP(=S)(OC)OC,"[279.027, 247.001, 169.013, 169.013, 247.0, 138.049, 169.013, 153.036, 124.981, 168.986, 153.036, 169.013, 168.986, 121.01, 152.982, 231.024, 279.027, 216.0]",-4.9788
CS(=O)(=O)N(C)S(=O)(=O)NC(O)=Nc1[n]c(cc([n]1)OC)OC,"[279.04, 261.029, 199.083, 261.029, 236.034, 218.023, 236.034, 218.023, 139.038, 139.038, 69.008, 154.061, 69.008, 139.038, 83.024, 69.008, 83.024, 139.038]",-6.7825
O=P(c1ccccc1)(c1ccccc1)c1ccccc1,"[279.093, 219.057, 201.046, 279.093, 57.07, 71.085, 279.093, 57.07, 71.085, 57.07, 219.057, 279.093, 121.028, 219.057, 57.07, 121.028, 65.039, 121.04, 65.039, 121.028, 121.04, 65.039, 121.04, 121.028, 65.039, 53.002, 51.023, 65.039, 53.002, 51.023]",-8.585
CC1CN(CC(C)O1)C1CCCCCCCCCCC1,"[282.279, 116.107, 98.096]",-5.4437
CC12CC1(C)C(=O)N(c1cc(Cl)cc(Cl)c1)C2=O,"[284.024, 256.029, 67.054, 284.024, 256.029, 113.06, 256.029, 284.024, 95.049, 256.029, 95.049, 67.054, 67.054, 95.049, 185.987, 67.054, 238.018, 185.987, 67.054, 238.018, 172.967]",-3.8539
CCCC(C[n]1c[n]c[n]1)c1ccc(Cl)cc1Cl,"[284.071, 70.04, 158.976, 70.04, 158.976, 172.992, 70.04, 158.976, 172.992, 70.04, 158.976, 172.992, 158.976, 70.04, 122.999, 158.976, 70.04, 122.999, 70.04, 122.999, 89.038, 89.038, 70.04, 72.984, 89.038, 72.984, 63.023]",-5.556
Cc1cccc(CC)c1N(C(C)COC)C(=O)CCl,"[284.142, 252.115, 254.112, 252.115, 254.112, 253.118, 176.143, 252.115, 254.112, 176.143, 134.095, 133.088, 134.095, 146.095, 176.142, 252.115, 176.143, 284.141, 252.115, 212.085, 284.142, 252.115, 176.143, 252.115, 284.14, 176.143, 252.115, 176.143, 212.084, 176.144, 252.115, 134.096, 176.143, 134.096, 133.089, 134.096, 133.089, 91.054, 284.141, 252.115, 252.115, 284.141, 176.143, 252.115, 176.143, 212.084, 176.143, 252.115, 134.096, 176.143, 134.096, 133.089, 134.096, 91.054, 133.089, 252.115, 176.143, 252.115, 134.096, 134.096, 176.143, 133.089, 252.115, 212.084, 252.115]",-4.5038
CC1(C=C)OC(=O)N(c2cc(Cl)cc(Cl)c2)C1=O,"[286.003, 214.018, 217.977, 217.977, 286.003, 214.018, 173.987, 217.977, 179.049, 173.987, 217.977, 164.026, 173.987, 144.081, 164.026, 173.987, 164.026, 144.081]",-6.9208
COP(=S)(Oc1[n]c(Cl)c(Cl)cc1Cl)OC,"[289.876, 124.982, 127.015, 321.902, 124.982, 142.993, 124.982, 142.993, 289.876, 124.982, 142.993, 289.876, 124.982, 142.993, 78.994, 142.993, 124.982, 78.994, 78.994, 124.982, 142.993, 321.902, 124.982, 289.876, 124.982, 142.993, 289.876, 124.982, 142.993, 289.876, 124.982, 142.993, 78.994, 142.993, 124.982, 78.994, 78.994, 142.993, 124.982, 289.876, 124.982, 142.993]",-4.3768
C=CCOC(C[n]1c[n]cc1)c1ccc(Cl)cc1Cl,"[297.056, 158.976, 69.045, 158.976, 109.076, 172.992, 158.976, 81.045, 141.07, 255.008, 200.987, 158.976, 255.009, 200.987, 158.976]",-5.9245
CCc1ccc(cc1)C(=O)NN(C(=O)c1cc(C)cc(C)c1)C(C)(C)C,"[297.16, 196.18, 133.065, 196.178, 133.065, 133.064, 105.07, 196.18, 297.16, 133.065, 196.18, 133.065, 196.18, 133.065, 196.181, 133.065, 105.07, 133.076, 133.065, 105.07, 133.076, 105.07, 79.054, 133.065, 297.16, 203.154, 196.178]",-7.6478
OC(C[n]1c[n]c[n]1)(c1ccccc1F)c1ccc(F)cc1,"[302.11, 70.04, 233.077, 70.04, 233.077, 123.024, 70.04, 123.024, 109.045, 70.04, 123.024, 109.045, 70.04, 123.024, 109.045, 70.04, 123.024, 123.035, 70.04, 123.035, 75.023, 75.023, 70.04, 123.035, 75.023, 74.015, 70.04]",-10.2733
CC(C)Oc1cc(c(Cl)cc1Cl)N1N=C(OC1=O)C(C)(C)C,"[303.03, 219.956, 176.951, 303.03, 345.077, 219.956, 219.956, 303.03, 176.951, 176.951, 184.988, 219.956, 184.987, 176.951, 148.956, 184.988, 176.951, 148.956, 112.979, 148.956, 128.998, 84.984, 94.029, 112.979, 84.984, 53.002, 62.963, 53.002, 84.984, 62.963]",-6.9508
CC(C)N(C(C)C)C(=O)SCC(Cl)=C(Cl)Cl,"[304.009, 142.922, 86.06, 304.009, 86.06, 128.107, 86.06, 142.922, 304.009, 142.922, 86.06, 140.933, 142.922, 82.945, 140.933, 142.922, 82.945, 58.065, 82.945, 142.922, 58.065, 82.945, 142.922, 58.065, 82.945, 106.945, 60.984, 82.945, 106.945, 72.984]",-3.9208
COC(=O)[C@@H]1C2CCC(C[C@@H]1OC(=O)c1ccccc1)[N@@]2C,"[304.156, 305.158, 182.117, 182.117, 304.156, 305.158, 182.117, 150.09, 183.12, 182.117, 150.09, 119.048, 182.116, 119.048, 150.09, 182.118, 150.091, 272.128, 304.155, 304.154, 182.118, 82.065, 182.118, 82.065, 304.155, 182.118, 105.034, 82.065, 105.034, 82.065, 182.118, 105.034, 82.065, 77.039, 304.154, 182.118, 304.154, 182.118, 82.065, 182.118, 82.065, 304.154, 182.118, 105.034, 82.065, 105.034, 82.065, 91.054, 105.034, 82.065, 77.039, 182.118, 150.091, 272.128]",-6.719
"CC(Cc1ccc(cc1)C(C)(C)C)CN1C[C@@H](C)O[C@@H](C)C1 |o1:16,19|","[304.264, 147.117, 130.123, 130.123, 147.117, 116.107, 304.263, 304.263, 304.263, 147.117, 130.123, 147.117, 98.096, 304.263, 147.117, 132.093, 98.097, 132.093, 117.07, 119.085, 304.263, 147.117, 304.263, 304.263, 147.117, 130.123, 147.117, 304.264, 98.096, 147.117, 132.093, 119.085, 132.093, 117.07, 147.117, 130.123, 147.117, 116.107]",-4.59105
Cc1cc([n]c([n]1)C(C)C)OP(=S)(OCC)OCC,"[305.112, 307.106, 169.079, 169.079, 305.108, 153.101, 169.079, 153.101, 249.045, 169.079, 153.101, 135.091, 169.079, 153.101, 135.091, 305.108, 169.079, 153.102, 169.08, 153.103, 277.077, 305.109, 169.079, 305.108, 169.079, 153.102, 169.08, 153.102, 96.951, 169.079, 153.102, 96.951, 169.079, 100.022, 96.951, 100.022, 96.951, 114.961, 305.109, 169.079, 153.102, 305.109, 169.079, 153.102, 169.079, 153.102, 96.951, 169.08, 153.102, 96.951, 169.079, 100.022, 96.951, 100.022, 96.951, 114.961, 169.079, 153.102, 277.077, 169.079, 153.102, 96.951, 100.022, 169.079, 96.951, 169.079, 153.102, 100.021]",-4.0453
Cc1cc([n]c([n]1)N(CC)CC)OP(=S)(OC)OC,"[306.103, 164.118, 108.056, 108.055, 164.118, 95.06, 108.055, 124.982, 95.06, 278.072, 164.118, 274.077, 278.072, 164.118, 274.077, 169.079, 153.102, 96.951, 100.022, 169.079, 96.951, 169.079, 153.102, 100.021]",-4.8239
CC(C)(C)c1ccc(CCOc2[n]c[n]c3ccccc32)cc1,"[307.18, 161.132, 57.069]",-7.5935
CCCN(CCOc1c(Cl)cc(Cl)cc1Cl)C(=O)[n]1cc[n]c1,"[308.001, 70.029, 70.065, 308.001, 265.953, 308.0, 265.954, 376.04, 308.0, 70.029, 265.953, 70.065, 70.029, 222.948, 70.029, 70.065, 194.916, 70.029, 70.065, 166.922, 166.922, 70.029, 132.96, 308.0, 265.953, 376.038, 308.0, 70.029, 265.954, 70.065, 70.029, 222.948, 70.029, 70.065, 194.916, 70.029, 70.065, 166.922, 166.922, 70.029, 132.961, 308.0, 265.953, 308.001, 265.954, 70.029, 308.001, 70.029, 265.954, 70.029, 70.065, 194.917, 70.029, 70.065, 166.922, 282.021, 308.0, 180.113, 282.021, 308.001, 180.113]",-5.9469
Fc1ccc(cc1)Oc1cc[n]c2cc(Cl)cc(Cl)c21,"[308.004, 196.979, 272.027, 308.004, 196.98, 272.027, 196.979, 213.982, 162.011, 308.004, 272.027, 196.979, 272.027, 196.979, 245.04]",-6.8239
C[Si](C[n]1c[n]c[n]1)(c1ccc(F)cc1)c1ccc(F)cc1,"[316.108, 165.07, 185.076, 247.075, 169.048, 165.07, 316.107, 316.107, 169.048, 247.075, 165.07, 169.048, 247.075, 165.07, 77.039, 185.076, 165.07, 77.038, 219.043, 165.07, 109.045, 77.039, 316.107, 169.048, 187.058, 316.107, 169.048, 247.075, 165.07, 169.048, 247.075, 165.07, 77.039, 185.076, 165.07, 77.038, 219.043, 165.07, 109.045, 77.039, 247.075, 169.048, 165.07, 165.07, 219.043, 169.048, 165.07, 109.045, 152.062, 247.075, 169.048, 165.07, 247.075, 169.048, 165.07]",-6.5331
Cc1[n]c(NCC)[n]c(OS(=O)(=O)N(C)C)c1CCCC,"[317.164, 166.097, 108.011]",-6.1249
CCS(=O)(=O)c1ccc[n]c1S(=O)(=O)NC(=O)Nc1[n]c(cc([n]1)OC)OC,"[325.096, 182.056, 368.101, 432.064, 325.096, 182.056, 182.056, 325.096, 106.065, 182.056, 106.065, 156.077, 182.056, 106.065, 83.024, 83.024, 139.05, 182.056, 83.024, 139.05, 106.065, 432.064, 325.096, 182.056, 182.056, 325.096, 106.065, 182.056, 106.065, 156.077, 182.056, 106.065, 83.024, 83.024, 139.05, 182.056, 83.024, 139.05, 157.061, 325.096, 182.056, 251.015]",-7.9469
CC1(CC(=NN1c1ccc(Cl)cc1Cl)C(=O)OCC)C(=O)OCC,"[327.03, 185.986, 298.999, 327.03, 298.999, 159.972, 159.972, 298.999, 327.03, 159.972, 172.967, 185.987, 132.961, 172.967, 185.988, 132.961, 172.967, 108.984]",-7.3251
O=P(Oc1ccccc1)(Oc1ccccc1)Oc1ccccc1,"[327.078, 233.036, 152.062, 327.078, 77.039, 152.062, 327.078, 233.036, 153.07, 233.036, 153.07, 251.047, 152.062, 95.049, 153.07, 152.062, 95.049, 77.039, 152.062, 95.049, 77.038, 152.062, 77.039, 95.049, 50.015, 51.023, 152.062, 50.015, 51.023, 150.047, 251.048, 153.07, 152.062, 152.063, 77.039, 168.058, 233.037, 215.027, 229.102, 215.027, 233.037, 251.048]",-5.202
CS(=O)(=O)c1cc(Cl)c(cc1)C(=O)C1C(=O)CCCC1=O,"[329.024, 157.049, 111.044, 139.039, 293.048, 111.044, 329.024, 139.039, 157.049, 139.039, 329.024, 157.049, 139.039, 111.044, 157.049, 111.044, 68.997, 139.039, 68.997, 111.044, 139.039, 68.997, 111.044, 178.99, 329.024, 139.039, 157.049, 139.039, 329.024, 157.049, 139.039, 111.044, 157.049, 111.044, 68.997, 139.039, 68.997, 111.044, 139.039, 68.997, 111.044, 149.987, 139.039, 293.047, 111.044, 111.044, 139.039, 157.05, 111.044, 214.062, 139.039, 139.039, 293.048, 111.044, 139.039, 293.048, 111.044]",-7.426
O=C(Nc1ccccc1)N(Cc1ccc(Cl)cc1)C1CCCC1,"[329.141, 125.015, 218.073, 125.015, 329.141, 218.073, 125.015, 94.065, 106.065, 125.015, 94.065, 106.065, 125.015, 89.038, 94.065, 125.015, 89.038, 98.999]",-11.426
COC(=O)c1c(Cl)c(Cl)c(c(Cl)c1Cl)C(=O)OC,"[330.91, 98.984, 298.883, 98.984, 298.884, 330.91, 98.984, 298.884, 270.888, 98.984, 220.896, 270.888, 98.984, 220.896, 164.906, 98.984, 164.906, 220.896, 98.984, 164.906, 129.937, 98.984, 129.937, 164.906, 98.984, 129.937, 141.937]",-5.6021
CC1(OC(=O)N(Nc2ccccc2)C1=O)c1ccc(cc1)Oc1ccccc1,"[331.144, 238.11, 195.081, 195.081, 107.06, 92.049, 195.081, 92.049, 93.057, 92.049, 195.081, 93.057, 93.057, 92.049, 65.039, 65.039, 93.057, 92.049]",-8.3188
CC(CC)(CC)c1cc(NC(=O)c2c(cccc2OC)OC)o[n]1,"[333.18, 165.054, 85.101, 165.054, 333.181, 85.101, 165.054, 150.031, 107.049, 165.054, 150.031, 122.036, 165.055, 150.031, 122.036, 122.036, 107.013, 150.031, 107.013, 122.036, 79.018, 107.013, 55.018, 79.018, 55.018, 107.013, 63.023]",-8.384
CCCN(CCC)c1c(cc(cc1[N+]([O-])=O)C(F)(F)F)[N+]([O-])=O,"[336.117, 336.117]",-4.3391
CCCC1COC(C[n]2c[n]c[n]2)(O1)c1ccc(Cl)cc1Cl,"[342.077, 158.976, 69.07, 158.976, 204.982, 273.044, 342.077, 70.04, 342.077, 158.976, 69.07, 158.976, 69.07, 186.971, 158.976, 69.07, 172.956, 158.976, 172.956, 69.07, 158.976, 172.956, 123.0, 342.077, 69.07, 273.045, 342.077, 158.976, 69.07, 158.976, 69.07, 186.971, 158.976, 69.07, 172.956, 158.976, 172.956, 69.07, 158.976, 172.956, 123.0, 158.976, 204.982, 273.044, 158.976, 69.07, 342.077, 158.976, 69.07, 186.971, 158.976, 69.07, 172.955, 158.976, 172.955, 69.07, 158.976, 172.956, 186.971, 158.976, 172.955, 70.04, 158.976, 204.982, 273.044, 158.976, 204.982, 273.044]",-6.3768
C#CCN1c2cc(c(F)cc2OCC1=O)N1C(=O)C2CCCCC=2C1=O,"[355.109, 327.114, 204.046, 355.109, 327.114, 299.082, 299.082, 327.114, 176.05, 299.082, 148.056, 107.049, 79.054, 148.056, 107.049, 79.054, 148.056, 95.049]",-5.618
CCOc1cc(ccc1[N+]([O-])=O)Oc1ccc(cc1Cl)C(F)(F)F,"[362.04, 315.998, 334.009, 237.04, 315.998, 273.988, 237.04, 203.013, 245.993, 237.04, 140.049, 210.029, 140.049, 182.034, 210.029, 140.049, 182.034, 132.018]",-6.699
CC1c2ccc(cc2OC(=O)C=1Cl)OP(=S)(OCC)OCC,"[363.021, 365.019, 364.025, 363.023, 306.951, 226.987, 226.993, 228.99, 306.959, 226.993, 228.99, 211.016, 226.992, 211.016, 225.985]",-7.0132
Nc1c(c(C#N)[n][n]1-c1c(Cl)cc(cc1Cl)C(F)(F)F)S(=O)C(F)(F)F,"[367.95, 436.944, 367.95, 367.95, 289.976, 254.968, 254.97, 289.976, 221.009, 254.97, 221.009, 262.966, 221.009, 239.959, 254.968, 239.958, 185.032, 212.947, 436.945, 367.95, 367.95, 289.975, 254.97, 254.97, 289.976, 280.976, 254.97, 221.009, 239.958, 254.97, 239.96, 262.964, 212.948, 185.032, 227.959, 367.95]",-8.556
CN1CC[C@@]23[C@H]4Oc5c2c(C[C@@H]1[C@@H]3C=C[C@@H]4OC(C)=O)ccc5OC(C)=O,"[370.168, 371.17, 372.172, 370.168, 371.17, 372.172, 370.168, 371.17, 268.134, 211.076, 268.134, 370.167, 165.07, 191.085, 211.076]",-9.1198
FC(F)C(F)(F)OCC(C[n]1c[n]c[n]1)c1ccc(Cl)cc1Cl,"[372.029, 70.04, 158.976, 158.976, 70.04, 372.029, 158.976, 70.04, 150.023, 158.976, 70.04, 150.023, 158.976, 70.04, 123.0, 158.976, 70.04, 123.0, 89.039, 123.0, 70.04, 89.039, 72.984, 70.04, 89.039, 72.984, 63.023]",-5.8697
COC(=O)/C(=C/OC)/c1ccccc1Oc1cc([n]c[n]1)Oc1ccccc1C#N,"[372.098, 404.124, 373.101, 372.098, 373.101, 344.103, 344.103, 372.098, 329.079, 329.079, 344.103, 330.082, 329.079, 183.054, 172.038, 372.098, 344.103, 329.079, 372.098, 372.097, 404.123, 372.098, 344.103, 316.107, 329.079, 344.103, 372.097, 329.079, 183.055, 328.071, 172.039, 156.044, 200.034, 172.039, 156.044, 130.04, 372.098, 404.123, 172.04, 372.098, 344.103, 316.108, 329.079, 344.103, 372.098, 329.079, 183.055, 328.071, 172.039, 156.044, 200.034, 172.039, 156.044, 130.04, 372.098]",-12.0835
Clc1cc(Cl)c(cc1)C1(CC(Br)CO1)C[n]1c[n]c[n]1,"[375.962, 158.976, 70.04, 158.976, 70.04, 375.962, 158.976, 70.04, 172.956, 158.976, 70.04, 172.956, 158.976, 70.04, 172.956, 158.976, 123.0, 70.04, 123.0, 89.039, 158.976, 89.039, 72.984, 123.0, 89.039, 72.984, 63.023]",-7.5229
CCCCOC(=O)C(C)Oc1ccc(cc1)Oc1ccc(c[n]1)C(F)(F)F,"[384.142, 328.08, 282.074, 282.074, 328.08, 254.079, 282.074, 91.054, 254.079, 91.054, 238.048, 254.079, 91.054, 238.048, 254.043, 91.054, 238.048, 65.039]",-6.4953
CC1=NN(C(=O)N1C(F)F)c1cc(NS(C)(=O)=O)c(Cl)cc1Cl,"[386.989, 405.0, 306.996, 306.996, 386.989, 308.004, 273.035, 178.017, 186.982, 163.966, 155.001, 273.035, 163.966, 182.012, 145.956, 109.979, 139.006, 182.012, 109.979, 75.01, 111.995, 75.01, 109.979, 76.018, 75.01, 76.018, 61.979]",-9.011
Cc1[n]c(NC(=O)NS(=O)(=O)c2cc[s]c2C(=O)OC)[n]c([n]1)OC,"[388.038, 167.055, 389.04, 167.055, 141.076, 204.961, 167.055, 204.961, 141.076, 167.056, 204.961, 141.076, 167.055, 204.961, 125.976, 167.056, 141.077, 204.963, 167.056, 388.038, 141.077, 167.056, 204.962, 141.077, 167.056, 204.963, 141.077, 167.056, 204.963, 141.077, 125.977, 167.056, 204.962, 125.977, 97.982, 83.024, 167.056, 388.038, 141.077, 167.056, 204.962, 141.077, 167.056, 204.962, 141.077, 167.056, 204.962, 141.077, 125.977, 167.056, 204.962, 125.977, 97.982, 83.024, 167.056, 141.077, 204.963]",-9.8928
CC(C)Cc1c(C2=NCCS2)c([n]c(C(F)F)c1C(=O)OC)C(F)(F)F,"[397.1, 377.094, 317.09, 335.046, 377.094, 61.011, 335.047, 303.021, 61.011, 61.011, 275.026, 319.015, 61.011, 271.014, 275.026]",-5.6478
CCCCN(CCCC)N=O,"[57.07, 159.149, 103.087, 57.07, 159.149, 103.087, 57.07, 103.087, 159.149, 57.07, 103.087, 53.002, 57.07, 53.002, 55.054, 57.07, 53.002, 55.054]",-1.3288
CCCCN,"[57.07, 74.097, 53.002]",1.968
COCCOCCOCCOC,"[59.049, 103.075, 89.06]",-1.3944
O=P(OCCCl)(OCCCl)OCCCl,"[63.0, 98.984, 284.961]",-1.2125
c1ccc[nH]1,"[68.05, 53.002]",0.9222
CC(C)(C)C(O)(C[n]1c[n]c[n]1)CCc1ccc(Cl)cc1,"[70.04, 308.152, 125.015, 290.142, 151.031, 165.046, 308.153, 308.152, 70.04, 125.015, 70.04, 125.015, 308.153, 70.04, 125.015, 151.031, 70.04, 125.015, 151.031, 70.04, 125.015, 116.062, 308.152, 70.04, 125.015, 308.153, 70.04, 125.015, 70.04, 125.015, 151.031, 70.04, 125.015, 151.031, 70.04, 125.015, 116.062, 70.04, 125.015, 116.062, 290.141, 151.031, 165.046, 70.04, 308.152, 125.015, 70.04, 125.015, 151.031, 70.04, 125.015, 116.062, 151.031, 290.142, 165.047, 151.031, 290.142, 165.047]",-7.8928
CC1(C)CCC(Cc2ccc(Cl)cc2)C1(O)C[n]1c[n]c[n]1,"[70.04, 320.152, 125.015, 320.152, 70.04, 125.015, 70.04, 320.152, 125.015, 70.04, 125.015, 177.047, 70.04, 125.015, 95.085, 70.04, 125.015, 142.078, 70.04, 125.015, 89.039]",-7.0348
CC(C)(C)C(O)C(Oc1ccc(Cl)cc1)[n]1c[n]c[n]1,"[70.04, 99.081, 227.083]",-9.5086
CN(C)C(=O)Nc1ccccc1,"[72.044, 165.102, 120.044, 72.044, 165.102, 120.044, 72.044, 165.102, 120.044, 72.044, 165.102, 120.044, 72.044, 120.044, 165.102, 72.044, 92.049, 120.044, 72.044, 92.049, 95.049, 72.044, 165.102, 120.044, 72.044, 92.049, 120.044, 165.102, 72.044, 120.044, 72.044, 120.044, 165.102]",-4.426
CN(C)C(=O)Nc1ccc(Cl)cc1,"[72.044, 199.064, 199.063, 72.044, 199.064, 72.044, 154.006, 72.044, 199.063, 126.01, 72.044, 126.01, 154.005, 72.044, 126.01, 154.005, 72.044, 126.01, 98.999, 199.063, 72.044, 199.063, 72.044, 154.005, 72.044, 199.063, 126.01, 72.044, 126.01, 154.005, 72.044, 126.01, 99.0, 72.044, 126.01, 99.0, 72.044, 199.063]",-6.2984
Cc1ccc(cc1Cl)NC(=O)N(C)C,"[72.044, 213.079, 140.026, 72.044, 168.021, 213.079, 72.044, 213.079, 72.044, 168.021, 72.044, 213.078, 168.021, 72.044, 140.026, 168.021, 72.044, 140.026, 125.015, 72.044, 140.026, 125.015, 213.079, 72.044, 213.079, 72.044, 168.021, 72.044, 213.079, 168.021, 72.044, 140.026, 168.021, 72.044, 140.026, 125.015, 72.044, 140.026, 125.015, 72.044, 213.079, 168.021, 72.044, 140.026, 168.021, 72.044, 140.026, 125.015, 72.044, 213.079, 168.021, 72.044, 168.021]",-7.4437
CN(C)C(=O)Nc1ccc(cc1)Oc1ccc(Cl)cc1,"[72.044, 291.09, 218.037, 72.044, 118.065, 163.031, 72.044, 163.031, 118.065, 291.089, 164.094, 246.032, 164.094, 246.032, 147.068]",-8.4089
Cc1[n]c([n]c(OC(=O)N(C)C)c1C)N(C)C,"[72.044, 239.15, 182.129, 182.129, 195.161, 72.044, 239.15, 182.129, 72.044, 239.15, 182.129, 72.044, 72.044, 182.129, 239.151, 72.044, 182.129, 85.076, 72.044, 85.076, 109.076, 72.044, 109.076, 85.076, 239.15, 182.129, 72.044, 239.15, 182.129, 72.044, 72.044, 182.129, 239.149, 72.044, 182.129, 85.076, 72.044, 85.076, 182.129, 72.044, 109.076, 85.076, 182.129, 195.161, 72.044, 72.044, 182.129, 85.076, 72.044, 109.076, 85.076, 182.129, 195.16, 239.15, 182.129, 195.16, 72.044]",-5.1379
CN(C)N=O,"[75.055, 58.053, 57.045, 75.055, 58.053, 75.055, 58.053, 57.045, 75.055, 58.053, 57.045, 75.055, 58.053, 57.045, 75.055, 58.053, 57.045]",0.4314
Nc1ccc(cc1)/N=N/c1ccccc1,"[77.039, 105.045, 198.103, 77.039, 105.045, 95.049, 198.103, 77.039, 105.045, 77.039, 105.045, 95.049]",-5.8539
c1cccc[n]1,"[80.049, 96.044]",1.3181
NC1CCCCC1,"[83.085, 100.112, 55.054]",1.0043
NCCCC[C@H](N)C(O)=O,"[84.081, 130.086, 147.112]",-8.277
Nc1[n]c[nH][n]1,"[85.051, 57.045, 58.04]",-6.3565
c1[n]cc[s]1,"[86.006, 58.995, 57.987]",1.2343
C1CCCCN1,"[86.096, 69.07, 67.054]",1.5067
CN(C)C(=S)SSC(=S)N(C)C,"[88.022, 119.994, 195.938, 88.022, 119.994, 195.938, 88.022, 119.994, 76.022, 88.022, 119.994, 76.022, 88.022, 119.994, 76.022, 88.022, 72.998, 76.022, 88.022, 72.998, 76.022, 72.998, 88.022, 71.99, 72.998, 71.99, 88.022]",-4.7632
CCOC(=O)NCCOc1ccc(cc1)Oc1ccccc1,"[88.039, 116.071, 256.097, 116.071, 256.097, 88.039, 302.139, 116.071, 88.039, 88.039, 116.071, 256.097, 88.039, 116.071, 256.097, 88.039, 116.071, 70.029, 88.039, 70.029, 141.07, 88.039, 115.054, 70.029, 116.071, 302.139, 88.039, 88.039, 116.071, 256.097, 88.039, 116.071, 256.097, 88.039, 116.071, 70.029, 88.039, 70.029, 129.07, 88.039, 115.054, 70.029, 116.071, 256.097, 88.039]",-8.20445
C1COCCN1,"[88.076, 70.065, 68.049]",1.0035
CCCCOC(=O)c1ccccc1C(=O)OCc1ccccc1,"[91.054, 149.023, 205.086, 91.054, 149.023, 205.086, 91.054, 149.023, 57.07, 91.054, 149.023, 65.038, 91.054, 149.023, 65.038, 91.054, 65.038, 149.023, 91.054, 65.038, 121.028, 91.054, 65.038, 63.023, 65.038, 91.054, 63.023, 65.039, 91.054, 63.023]",-5.0835
CCCN(CCC)C(=O)SCc1ccccc1,"[91.054, 252.142, 128.107, 128.107, 91.054, 86.06, 252.142, 91.054, 128.107, 91.054, 252.142, 128.107, 91.054, 128.107, 86.06, 91.054, 65.038, 91.054, 65.039, 91.054, 65.039, 252.142, 91.054, 128.107, 91.054, 252.142, 128.107, 91.054, 128.107, 86.06, 91.054, 65.038, 91.054, 65.039, 89.038, 91.054, 65.039, 128.107, 91.054, 86.06, 91.054, 128.107, 86.06, 91.054, 128.107, 91.054, 86.06, 128.107, 91.054, 86.06]",-6.2857
CC(C)(C)C(=O)N(Cc1ccccc1)C(C)C,"[91.054, 192.138, 142.123, 234.185, 91.054, 142.123, 234.185, 91.054, 192.138, 91.054, 234.186, 192.138, 91.054, 57.07, 192.138, 91.054, 57.07, 105.07, 91.054, 65.039, 57.07, 234.185, 91.054, 57.07, 234.185, 91.054, 192.138, 91.054, 234.185, 192.138, 91.054, 192.138, 57.07, 91.054, 57.07, 133.101, 91.054, 65.039, 57.07, 91.054, 192.138, 142.123]",-3.1752
CNc1ccccc1,"[93.057, 108.081, 91.054]",-0.3439
Nc1ccccc1,"[94.065, 53.039, 105.045]",-0.3098
CC(C)OC(=O)Nc1cccc(Cl)c1,"[94.065, 106.065, 124.087]",-3.7447
CCOP(=O)(OC(=CCl)c1ccc(Cl)cc1Cl)OCC,"[98.984, 204.937, 127.015, 98.984, 198.904, 155.047, 330.946, 127.015, 155.047, 330.946, 127.015]",-5.1249