SMILES,frag_list,LogWS
Oc1cccc2ccc[n]c21,[117.058],2.745074792
CN1CCCC1=O,"[100.076, 58.029, 69.034]",6
O=NN1CCCC1,"[101.071, 55.054, 59.024, 101.071, 55.054, 59.024, 101.071, 55.054, 59.024, 101.071, 55.054, 59.024, 101.071, 55.054, 59.024, 55.054, 101.071, 59.024]",6
S=C1NCCN1,"[103.032, 60.056, 86.006, 103.032, 86.006, 76.022, 103.032, 86.006, 76.022, 103.032, 86.006, 76.022, 103.032, 86.006, 76.022, 103.032, 86.006, 59.99, 103.032, 86.006, 59.99, 103.032, 86.006, 59.99, 59.99, 86.006, 58.995, 59.99, 58.995, 86.006]",4.301029996
COCCOCCOC,"[103.075, 59.049, 103.075, 59.049, 135.101, 103.075, 59.049, 135.102, 59.049, 103.075, 59.049, 103.075, 59.049, 103.075, 59.049, 103.075, 59.049, 135.102, 103.075, 59.049, 135.102, 59.049, 103.075, 59.049, 103.075, 135.102, 59.049, 103.075, 59.049, 135.101, 103.075, 59.049, 135.101]",6
CCN(CC)N=O,"[103.087, 75.055, 57.045, 103.087, 75.055, 57.045, 103.087, 75.055, 57.045, 75.055, 103.087, 57.045, 75.055, 103.087, 57.045, 75.055, 103.087, 57.045]",5.025305865
O=C(c1ccccc1)c1ccccc1,"[105.033, 183.081, 77.039, 105.034, 183.081, 77.039]",2.136720567
CC/C(/c1ccc(O)cc1)=C(/CC)\c1ccc(O)cc1,"[107.049, 199.075, 135.08, 107.049, 181.065, 121.065, 135.08, 199.075, 251.143, 135.08, 199.075, 251.143]",1.079181246
NCc1ccccc1,"[108.081, 91.054, 67.054]",6
Cc1cccc(C)[n]1,"[108.081, 91.054, 67.054]",5.477121255
CNC(=O)Oc1cccc2OC(C)(C)Oc21,"[109.028, 167.07, 59.049, 109.028, 81.033, 81.033, 109.028, 167.07, 109.028, 193.049, 167.07, 109.028, 193.05]",2.414973348
C[C@]12CC[C@H]3[C@@H](CCC4=CC(=O)CC[C@@]43C)[C@@H]1CC[C@@H]2O,"[109.064, 97.064, 123.08, 109.064, 97.064, 123.08, 253.195, 271.205, 97.065, 253.195, 271.205, 97.065, 293.175, 293.174]",1.369215857
C[C@]12CC[C@@H]3[C@H]4CCC(=O)C=C4CC[C@H]3[C@@H]1CC[C@@]2(O)C#C,"[109.064, 119.085, 83.049, 109.064, 91.054, 105.07, 281.19, 299.2, 263.179, 281.19, 223.148, 263.179]",0.847757688
Nc1ccc(O)cc1,"[110.06, 92.049, 65.039]",4.204119983
Nc1ccccc1O,"[110.06, 92.049, 65.039]",4.301029996
CN(C)C1C(=O)N(c2ccccc2)N(C)C=1C,"[113.108, 111.092, 187.087, 232.145, 113.107, 111.092, 113.107, 232.145, 111.092, 113.107, 97.076, 111.092, 97.076, 58.065, 111.092, 97.076, 58.065, 56.05, 97.076, 58.065, 56.05, 232.145, 113.107, 111.092, 113.107, 232.145, 111.092, 113.107, 97.076, 111.092, 97.076, 58.065, 98.084, 97.076, 58.065, 56.05, 97.076, 58.065, 56.05, 113.108, 111.092, 187.087, 97.076, 113.107, 98.084, 97.076, 70.065, 72.081, 113.107, 187.087, 111.092, 113.107, 187.087, 111.092]",4.7355989
CN1CC(=O)NC1=N,"[114.066, 86.071, 58.065, 98.072, 98.072, 58.065, 57.033, 58.065, 57.033, 98.072]",4.903632516
CCOP(=S)(Oc1[n]c(Cl)c(Cl)cc1Cl)OCC,"[114.961, 197.927, 349.934, 321.902, 293.871, 197.928, 349.934, 321.903, 197.928, 197.927, 114.961, 96.951, 197.928, 114.961, 96.951, 197.928, 114.961, 96.951, 114.961, 197.927, 96.951, 114.961, 96.951, 106.945, 349.934, 321.902, 197.927, 197.928, 114.961, 96.951, 197.928, 114.961, 96.951, 197.928, 114.961, 96.951, 114.961, 197.927, 96.951, 114.961, 96.951, 106.945, 321.902, 293.871, 197.928]",0.049218023
CCOP(=S)(OCC)SCN1N=Nc2ccccc2C1=O,"[114.961, 137.006, 132.044, 132.044, 260.981, 232.949, 132.044, 114.961, 137.006, 114.961, 137.006, 132.044, 114.961, 137.006, 95.049, 114.961, 95.049, 109.011, 114.962, 109.011, 95.049, 114.962, 51.023, 64.979, 51.023, 64.979, 114.962, 51.023, 50.015, 64.979]",1.021189299
O=NN1CCCCC1,"[115.087, 69.07, 70.065, 115.087, 69.07, 70.065, 115.087, 69.07, 70.065, 115.087, 69.07, 70.065, 69.07, 115.087, 53.002, 69.07, 115.087, 53.002]",4.883661435
O=NN1CCOCC1,"[117.066, 87.068, 59.049, 117.066, 87.068, 86.06, 117.066, 87.068, 86.06, 117.066, 87.068, 86.06, 117.066, 86.06, 87.068, 86.06, 117.066, 87.068, 86.06, 57.057, 117.066, 117.066, 86.06, 87.068, 117.066, 86.061, 87.068, 87.068, 86.06, 57.057, 87.068, 86.06, 57.057]",6
Oc1cccc2ccccc21,"[117.07, 155.06, 117.07, 155.06, 145.065]",2.937517892
c1[n][nH]c2ccccc21,"[119.06, 92.049, 65.039]",2.916980047
Nc1ccccc1C(O)=O,"[120.044, 92.049, 138.055, 120.044, 92.049, 138.055]",3.544068044
c1cccc2[nH][n][n]c21,"[120.055, 121.058, 65.038, 120.055, 65.038, 92.049, 120.056, 65.039, 92.049, 120.056, 92.049, 65.039, 120.056, 92.049, 65.038, 120.056, 120.056, 65.039, 92.049, 120.056, 92.049, 65.038, 120.056, 92.049, 65.038, 120.056, 65.038, 92.049, 120.056, 65.039, 92.049, 120.056, 92.05, 120.056, 65.038, 92.05, 120.056, 65.038, 92.049, 120.055, 92.049, 65.038, 120.055, 65.038, 92.049, 120.055, 65.039, 92.049, 120.056, 92.049, 120.055, 65.038, 92.049, 65.038, 120.055, 92.049, 65.038, 39.022, 51.022, 120.056, 92.05, 120.056, 92.05, 120.056, 92.05, 65.039, 92.05, 65.039, 92.049, 120.055, 92.049, 65.038, 120.055]",4.29666519
Oc1ccccc1C(O)=O,"[121.028, 139.039, 69.034, 121.028, 139.039, 69.034, 121.028, 139.039, 69.034, 121.028, 121.04, 65.039, 121.028, 65.039, 121.04, 65.039, 121.028, 121.04, 65.039, 121.04, 121.028, 65.039, 53.002, 51.023, 65.039, 53.002, 51.023]",3.350248018
NCCc1ccc(O)cc1,"[121.065, 122.068, 138.091, 121.064, 122.068, 121.065]",4.017033339
CCOC1Oc2ccc(cc2C1(C)C)OS(C)(=O)=O,"[121.065, 161.06, 122.068, 259.064, 241.053, 121.065, 259.064, 287.095, 121.065, 121.065, 259.064, 161.06, 121.065, 161.06, 162.068, 121.065, 161.06, 133.065, 121.065, 105.07, 133.065, 105.07, 103.054, 91.054, 259.064, 287.095, 121.065, 121.065, 259.064, 161.06, 121.065, 161.06, 162.068, 121.065, 161.06, 133.065, 121.065, 105.07, 133.065, 105.07, 103.054, 91.054, 259.064, 241.053, 121.065, 121.065, 161.06, 133.065, 105.07, 121.065, 103.054, 259.064, 241.053, 121.065, 259.064, 121.065, 241.053]",1.698970004
CNC(=O)Oc1cc(C)c(SC)c(C)c1,"[121.065, 169.068, 122.073, 169.068, 121.065, 122.073, 169.068, 121.065, 226.09, 169.068, 121.065, 122.073, 121.065, 169.068, 122.073, 121.065, 122.073, 93.07, 121.065, 122.073, 93.07, 121.065, 107.049, 122.073, 169.068, 121.065, 226.09, 169.068, 121.065, 122.073, 121.065, 169.068, 122.073, 121.065, 122.073, 93.07, 121.065, 122.073, 93.07, 121.065, 107.049, 122.073, 169.068, 121.065, 122.072, 121.065, 122.073, 91.054, 121.065, 122.073, 91.054, 169.068, 121.065, 148.076, 169.068, 121.065, 148.076]",1.431363764
NC(=O)c1ccccc1,"[122.06, 105.034, 79.054]",4.130333768
Cc1cc(C)[n]c(C)c1,"[122.096, 79.054, 81.07]",4.544068044
NC(=O)c1ccc[n]c1,"[123.056, 80.05, 96.045]",5.698970004
CCSC(=O)N1CCCCCC1,"[126.091, 188.11, 83.085, 126.091, 188.11, 83.085, 126.091, 83.085, 55.054, 55.054, 126.091, 83.085, 55.054, 98.096, 83.085, 55.054, 98.097, 70.065, 55.054, 98.097, 70.065, 55.054, 53.039, 70.065, 55.054, 53.039, 56.013]",2.986771734
COP(=O)(OC1C2CC=CC2C=1Cl)OC,"[127.015, 125.015, 251.024, 127.015, 125.015, 89.039, 127.016, 125.015, 89.039, 127.015, 125.015, 89.039, 127.015, 89.039, 125.015, 127.016, 89.039, 99.0]",3.397940009
COP(=O)(OC=C(Cl)Cl)OC,"[127.015, 220.953, 78.994, 220.953, 127.015, 144.982, 127.015, 220.953, 144.982, 127.015, 78.994, 220.953, 127.016, 78.994, 113.0, 127.015, 78.994, 113.0, 127.015, 78.994, 113.0, 127.015, 109.005, 78.994, 127.015, 78.994, 109.005, 109.005, 144.982, 127.015, 144.982, 109.005, 127.015]",3.903089987
Nc1ccc(Cl)cc1,"[128.026, 93.057, 139.006, 128.027, 93.058, 139.006, 93.058, 128.027, 139.006, 93.058, 128.026, 93.058]",3.591064607
Oc1ccc(Cl)cc1,"[129.01, 97.028, 85.028, 129.01, 69.034, 55.018, 129.01, 69.034, 94.041, 69.034, 129.01, 94.041, 69.034, 94.041, 65.039, 94.041, 65.039, 69.033]",4.380211242
O=C1NC(=O)c2ccccc12,"[130.029, 80.022, 101.038]",2.556302501
NC1=NC(=O)NC=C1F,"[130.041, 131.044, 113.014, 130.041, 113.015, 112.031, 113.015, 130.042, 130.041, 87.035, 113.014, 130.041, 87.035, 113.015, 130.041, 113.015, 87.035, 130.041, 113.015, 87.035, 130.041, 113.015, 87.035, 113.015, 130.041, 58.009]",4.176091259
c1[n]c2ccccc2[s]1,"[136.021, 137.024, 138.015, 136.021, 109.011, 65.039, 136.022, 136.022, 136.022, 136.022, 109.011, 136.022, 109.011, 77.039, 136.022, 109.011, 77.039, 136.022, 136.022, 136.022, 136.022, 109.011, 136.022, 109.011, 77.039, 136.022, 109.011, 65.039, 136.022, 109.011, 105.034, 136.022, 109.011, 77.039, 136.022, 105.034]",3.633468456
CCP(=S)(OCC)Sc1ccccc1,"[137.018, 126.998, 108.987, 126.998, 108.987, 137.018, 126.998, 108.987, 80.956, 126.998, 108.987, 80.956, 126.998, 108.987, 80.956, 80.956, 62.945, 126.998]",1.195899652
Oc1[n]c[n]c2[nH][n]cc21,"[137.046, 110.035, 94.04, 137.046, 110.035, 94.04, 137.046, 110.035, 94.04, 137.046, 110.035, 94.04, 137.046, 110.035, 94.04, 110.035, 137.046, 94.04]",2.755112266
CCOC(=O)c1ccc(N)cc1,"[138.055, 94.065, 120.044]",3.117271296
Nc1cc(ccc1)C(O)=O,"[138.055, 94.065, 120.044]",3.770852012
NS(=O)(=O)c1ccccc1,"[141.0, 95.049, 105.045, 141.0, 95.049, 105.045, 95.049, 105.045, 77.038, 95.049, 105.045, 77.038, 95.049, 105.045, 77.038, 95.049, 105.045, 77.038, 95.049, 77.038, 105.045, 51.023, 50.015, 77.038, 51.023, 50.015, 77.038]",3.633468456
CCOP(=S)(OCC)SCSP(=S)(OCC)OCC,"[142.939, 199.001, 114.961, 96.951, 142.939, 114.961, 96.951, 114.961, 142.938, 215.032, 199.001, 322.976, 215.032, 199.001, 322.976]",0.301029996
COP(=S)(OC)SCN1N=Nc2ccccc2C1=O,"[142.993, 132.044, 260.981, 132.044, 142.993, 260.981, 142.993, 132.044, 104.049, 142.993, 132.044, 104.05, 142.993, 95.049, 105.034, 95.049, 105.045, 78.994, 95.049, 105.045, 77.039, 51.023, 95.049, 77.039, 51.023, 50.015, 95.049, 51.023, 50.015, 74.015]",1.320146286
COP(=O)(NC(C)=O)SC,"[142.993, 144.989, 143.995, 142.993, 124.982, 142.008, 142.993, 124.982, 142.009, 124.982, 142.992, 110.966, 124.982, 142.991]",5.912753304
Nc1cccc2ccccc21,"[144.081, 143.073, 155.06]",3.230448921
OC(=O)c1ccccc1C(=O)Nc1cccc2ccccc21,"[144.081, 149.023, 274.086, 144.081, 149.023, 274.086, 149.023, 144.081, 256.076, 149.023, 144.081, 256.076, 149.023, 144.081, 121.028, 145.065, 65.038, 149.023]",2.301029996
COC1=NN(CSP(=S)(OC)OC)C(=O)S1,"[145.007, 85.04, 71.024, 85.04, 145.007, 71.024, 85.04, 71.024, 58.029, 85.04, 71.024, 58.029, 58.029, 85.04, 71.024, 58.029, 85.04, 71.024]",2.271841607
CNC(=O)Oc1cccc2ccccc21,"[145.065, 117.07, 155.06, 145.065, 117.07, 58.029, 145.065, 117.07, 155.06, 145.065, 117.07, 155.06, 145.065, 117.07, 155.06, 145.065, 117.07, 155.06, 145.065, 117.07, 155.06]",2.041392685
OC(=O)c1cc2ccccc2cc1,"[145.065, 155.06, 117.07, 129.07, 155.049, 145.065]",1.672097858
O=C1C=Cc2ccccc2O1,"[147.044, 103.054, 91.054]",3.278753601
COC(=O)C(C)N(c1c(C)cccc1C)C(=O)Cc1ccccc1,"[148.112, 91.054, 294.149, 294.149, 208.133, 326.175, 148.112, 208.133, 91.054, 148.112, 91.054, 121.089, 148.112, 91.054, 121.089, 91.054, 148.112, 121.089, 91.054, 148.112, 121.089, 294.15, 208.133, 266.155, 294.149, 208.133, 266.154]",1.568201724
C[C@H](NC)[C@H](O)c1ccccc1,"[148.112, 166.123, 148.112, 117.07, 148.112, 166.123, 135.081, 148.112, 117.07, 166.122, 148.112, 117.07, 133.089, 148.112, 133.089, 117.07, 133.089, 115.054, 117.07, 166.123, 148.112, 117.07, 148.112, 166.123, 135.08, 148.112, 117.07, 166.123, 148.112, 117.07, 133.089, 148.112, 133.089, 117.07, 133.089, 115.054, 117.07, 148.112, 117.07, 135.081]",4.803457116
C[C@@H]1C[C@H]2[C@@H]3CCC4=CC(=O)C=C[C@]4(C)[C@@]3(F)[C@@H](O)C[C@]2(C)[C@@]1(O)C(=O)CO,"[149.022, 393.208, 373.202, 149.022, 355.191, 167.035, 149.022, 237.126, 149.022, 171.079, 147.082, 149.023, 150.027, 373.201, 355.19, 337.18, 373.201, 355.19, 337.18, 237.127, 355.19, 279.174, 147.081, 237.127, 171.081, 147.081, 121.065, 171.08, 147.081, 121.065, 119.085, 121.065, 91.054, 105.07, 373.201, 355.19, 337.18, 237.127, 355.19, 279.174, 147.08, 237.127, 171.08, 147.08, 121.065, 171.081, 121.065, 147.08, 119.085, 121.065, 91.054, 128.062, 373.201, 355.19, 337.18]",1.890700398
CC(=O)Oc1ccccc1C(O)=O,"[149.023, 163.039, 181.049, 149.023, 163.039, 181.049, 149.023, 163.039, 121.028, 149.023, 163.039, 121.028, 149.023, 121.028, 65.038, 65.038, 121.028, 95.049, 65.038, 92.025, 95.049, 65.038, 92.025, 63.023, 63.023, 51.023, 65.038]",3.662757832
CC1(C)C(C1C=C(Cl)Cl)C(=O)OCc1cccc(c1)Oc1ccccc1,"[149.023, 167.034, 71.085, 149.023, 71.085, 167.034, 149.023, 71.085, 57.07, 149.023, 71.085, 57.07, 149.023, 121.028, 65.039, 149.023, 121.028, 65.039]",-2.22184875
CCOC(=O)c1ccccc1C(=O)OCC,"[149.023, 177.055, 121.028, 177.054, 149.023, 65.038, 149.023, 177.055, 65.038, 149.023, 177.055, 121.028, 149.023, 121.028, 121.04, 149.023, 121.028, 121.04, 65.038, 149.023, 121.028, 65.039, 121.04, 121.028, 65.039, 53.002, 121.04, 65.039, 53.002, 67.989]",3.033423755
CCCCOC(=O)c1ccccc1C(=O)OCCCC,"[149.023, 205.086, 57.07, 149.024, 205.086, 57.07, 149.023, 57.07, 65.038, 149.024, 57.07, 121.028, 149.024, 121.028, 57.07, 149.024, 121.028, 65.039, 65.039, 149.024, 121.029, 65.039, 121.04, 121.028, 65.039, 53.002, 121.04, 65.039, 53.002, 53.998, 149.024, 121.029, 149.024, 121.029, 149.024, 205.087, 203.06, 149.024, 205.087, 203.06]",1.049218023
CCCCC(COC(=O)c1ccccc1C(=O)OCC(CCCC)CC)CC,"[149.024, 71.086, 167.034]",-0.568636236
CC(=O)Nc1ccc(O)cc1,"[152.072, 110.062, 65.039, 152.071, 110.06, 93.034, 152.071, 110.06, 93.034, 152.071, 110.06, 134.06, 152.071, 110.06, 152.071, 110.06, 134.06, 152.071, 110.06, 134.06, 110.06, 152.071, 92.049, 110.06, 65.039, 93.034, 110.06, 65.039, 93.034, 152.071, 110.06, 152.071, 110.06, 65.038, 152.071, 110.06, 134.06, 110.06, 152.071, 65.039, 110.06, 65.039, 93.034, 110.06, 65.039, 92.049, 152.071, 110.06, 134.06, 110.06, 152.071, 92.049, 110.06, 92.049, 93.034, 110.06, 134.06, 152.071, 110.06, 134.06, 111.044]",4.146128036
CCOP(=O)(OCC)OCC,"[155.048, 127.016, 183.08, 127.016, 155.048, 128.021, 127.016, 98.984, 127.016, 155.047, 98.984, 127.016, 155.047, 98.984, 127.016, 155.047, 98.984, 127.016, 155.047, 98.984, 127.016, 116.995, 98.984, 116.995, 127.016, 98.984, 116.995, 80.974]",5.698970004
COc1[n]c(cc(NS(=O)(=O)c2ccc(N)cc2)[n]1)OC,"[156.011, 311.081, 156.076, 156.011, 156.076, 154.06, 154.06, 140.045, 156.076, 154.061, 141.052, 140.045, 311.081, 156.077, 156.011, 245.103, 156.077, 156.011, 311.081, 156.012, 311.081, 156.077, 156.011, 156.077, 156.011, 108.044, 156.077, 108.044, 92.049, 108.044, 92.049, 156.077, 108.044, 92.049, 65.039, 311.081, 156.077, 108.044, 311.081, 156.077, 156.011, 156.077, 156.011, 108.044, 156.077, 108.044, 92.049, 108.044, 92.049, 156.077, 92.049, 108.044, 65.038, 156.077, 245.103, 156.011]",2.53529412
Nc1ccc(cc1)S(=O)(=O)Nc1[n]cc[s]1,"[156.011, 108.046, 256.021, 156.012, 108.044, 92.049, 256.021, 156.011, 108.044, 156.011, 256.021, 108.044, 156.011, 108.044, 92.049, 108.044, 92.049, 156.011, 92.049, 108.044, 65.039, 92.049, 108.044, 65.039, 256.021, 156.011, 108.044, 156.011, 256.021, 108.044, 156.011, 108.044, 92.049, 108.044, 92.049, 156.011, 92.049, 108.044, 65.039, 92.049, 108.044, 65.039, 156.011, 108.044, 92.049]",2.571708832
COC(=O)NS(=O)(=O)c1ccc(N)cc1,"[156.011, 188.037, 108.044, 156.011, 231.043, 108.044, 156.011, 108.044, 92.049, 108.044, 156.011, 92.049, 108.044, 92.049, 65.038, 92.049, 108.044, 65.038, 92.049, 65.039, 108.044, 156.011, 231.043, 108.044, 156.012, 108.044, 92.049, 108.044, 156.011, 92.049, 108.044, 92.049, 65.038, 92.049, 108.044, 65.038, 92.049, 65.039, 108.044, 156.011, 188.037, 108.044]",3.698970004
Cc1[n][n]c(NS(=O)(=O)c2ccc(N)cc2)[s]1,"[156.012, 108.045, 68.049]",3.021189299
Nc1ccc(cc1)S(=O)(=O)c1ccc(N)cc1,"[156.012, 108.046, 249.07, 249.069, 156.011, 108.044, 156.011, 249.069, 108.044, 108.044, 92.049, 156.011, 92.049, 108.044, 93.057, 92.049, 108.044, 65.038, 65.038, 92.049, 108.044, 65.039, 80.049, 93.057, 65.039, 80.049, 66.046, 65.039, 80.049, 53.039]",2.579783597
COc1c[n]c(NS(=O)(=O)c2ccc(N)cc2)[n]c1,"[156.012, 281.072, 126.066]",2.86332286
Cc1oc(NS(=O)(=O)c2ccc(N)cc2)[n]c1C,"[156.012, 113.072, 108.046]",3.224533063
Cc1cc(NS(=O)(=O)c2ccc(N)cc2)[n]o1,"[156.012, 108.046, 254.06, 156.01, 254.059, 160.085, 156.01, 160.086, 147.078, 156.011, 146.071, 147.078, 146.07, 147.077, 119.061, 254.059, 156.01, 190.096, 254.059, 156.011, 108.044, 156.012, 188.082, 147.079, 254.06, 156.011, 190.098, 254.059, 156.011, 108.044, 156.012, 108.044, 92.049, 108.044, 92.049, 156.011, 108.044, 92.049, 65.039, 92.049, 108.044, 65.039, 254.06, 156.011, 188.082, 254.06, 156.011, 108.044, 156.011, 108.044, 92.049, 108.044, 92.049, 156.011, 108.044, 92.049, 65.039, 92.049, 108.044, 65.039, 156.011, 188.082, 147.079, 254.06, 156.011, 188.082, 92.049, 108.044, 156.011, 92.049, 65.039, 108.044]",2.785329835
CCOC(=O)C(O)(CC(=O)OCC)CC(=O)OCC,"[157.05, 133.049, 203.091]",4.812913357
c1ccc[n]c1-c1cccc[n]1,"[157.076, 130.065, 96.044]",3.773054693
O=C(Nc1ccc(Cl)cc1)NC(=O)c1c(F)cccc1F,"[158.04, 311.039, 313.036, 158.04, 141.013, 159.044, 158.04, 141.014, 142.016, 141.014, 158.04, 140.031, 141.014, 158.04, 158.041, 141.014, 311.039]",-1.096910013
O=C(Nc1cc(Cl)c(F)c(Cl)c1F)NC(=O)c1c(F)cccc1F,"[158.041, 141.014, 197.968, 380.981, 158.041, 158.041, 141.015, 158.041, 141.015, 195.961, 141.014, 158.041, 141.014, 141.026, 195.961, 141.014, 141.026, 195.96, 158.041, 380.981, 141.014, 158.041, 141.014, 197.968, 158.041, 141.014, 195.964, 141.014, 158.041, 195.965, 141.014, 195.964, 141.014, 141.025, 195.96, 158.041, 141.014, 197.968]",-1.721246399
CON(C)C(=O)Nc1cc(Cl)c(Cl)cc1,"[159.972, 182.024, 249.019, 182.024, 159.972, 187.966, 249.019, 182.024, 159.971, 159.971, 182.024, 249.019, 159.972, 182.024, 160.979, 159.972, 160.979, 182.024, 132.961, 159.972, 160.979, 132.961, 160.979, 125.003, 249.019, 182.024, 159.971, 159.972, 182.024, 249.019, 159.972, 182.024, 160.979, 159.971, 160.979, 182.024, 132.961, 159.971, 160.979, 132.961, 160.979, 125.003, 182.024, 159.971, 187.966, 159.971, 182.024, 160.979, 132.961, 160.979, 125.003, 182.024, 159.971, 187.966, 182.024, 159.971, 187.966]",1.875061263
COP(=S)(OC)SCN1C(=O)c2ccccc2C1=O,"[160.039, 178.05, 113.06, 160.039, 133.028, 178.05, 160.039, 133.029, 105.034, 160.039, 133.028, 105.034, 160.039, 133.029, 105.034, 133.028, 95.049, 105.034]",1.387389826
COC(=O)Nc1[nH]c2ccccc2[n]1,"[160.05, 192.077, 132.056, 192.077, 160.051, 59.013, 160.05, 192.077, 59.013, 160.05, 192.077, 132.055, 160.05, 132.056, 192.077, 160.05, 132.056, 92.049, 160.05, 132.056, 105.045, 105.045, 132.056, 65.039, 65.039, 105.045, 90.034, 65.039, 105.045, 90.034, 160.05, 133.064, 160.05, 133.063, 160.05, 160.05]",1.462397998
Nc1cc(Cl)c(Cl)cc1,"[161.987, 127.018, 172.967]",1.963787827
CCC(=O)Nc1cc(Cl)c(Cl)cc1,"[161.987, 218.013, 127.018, 218.013, 161.987, 127.018, 161.987, 218.013, 127.018, 161.987, 127.018, 218.013, 127.018, 161.987, 57.034, 127.018, 161.987, 57.034, 127.018, 161.987, 57.034]",2.181843588
CCC1(C(=O)NCNC1=O)c1ccccc1,"[162.091, 119.085, 91.054, 162.091, 91.054, 119.085, 162.091, 174.091, 119.085, 219.113, 162.091, 174.091, 162.091, 119.085, 91.054, 91.054, 162.091, 119.085, 91.054, 117.07, 162.091, 91.054, 117.07, 106.065, 91.054, 117.07, 115.054, 219.113, 162.091, 174.091, 162.091, 119.085, 91.054, 162.091, 91.054, 119.085, 91.054, 117.07, 162.091, 91.054, 117.07, 106.065, 91.054, 117.07, 115.054, 162.091, 174.091, 119.085, 91.054, 162.092, 117.07, 91.054, 117.07, 106.065, 162.091, 174.091, 119.086, 162.092, 174.092, 119.086]",2.698970004
COC(=O)c1ccccc1C(=O)OC,"[163.039, 195.065, 163.039, 133.028, 77.038, 163.039, 133.029, 135.044, 163.039, 135.044, 133.028, 163.039, 135.044, 133.029, 95.049, 77.039, 105.045, 92.026, 77.038, 95.049, 92.026, 63.023, 77.038, 63.023, 51.023, 64.031]",3.602059991
CC(=O)CC(C1=C(O)c2ccccc2OC1=O)c1ccccc1,"[163.039, 251.071, 309.112, 251.07, 163.039, 183.08, 121.028, 163.039, 155.085, 163.039, 251.07, 147.081, 163.039, 251.07, 147.08]",1.230448921
CN1CCC[C@H]1c1c[n]ccc1,"[163.123, 132.081, 106.065, 163.123, 132.081, 106.065, 132.081, 163.123, 130.065, 132.081, 130.065, 106.065, 130.065, 117.057, 132.081, 130.065, 117.057, 132.081]",6
CC1(C)Cc2cccc(OC(=O)NC)c2O1,"[165.091, 222.112, 123.044, 165.091, 123.044, 222.112, 123.044, 165.091, 137.06, 123.044, 165.091, 137.06, 123.044, 91.054, 95.049, 123.044, 95.049, 91.054]",2.505149978
Cc1[n]c(NC(=O)NS(=O)(=O)c2ccccc2C(=O)OC)[n]c([n]1)OC,"[167.056, 350.055, 199.006, 167.056, 382.082, 199.006, 167.056, 199.006, 141.077, 167.056, 199.006, 135.044, 167.056, 135.044, 141.077, 167.056, 135.044, 77.039, 77.039, 69.008, 92.026, 167.056, 382.082, 199.006, 167.056, 199.006, 141.077, 167.056, 199.006, 135.044, 167.056, 135.044, 141.077, 167.056, 135.044, 77.038, 77.039, 69.008, 92.026, 167.056, 350.055, 199.006]",3.977723605
Nc1[n]c(NC2CC2)[n]c(N)[n]1,"[167.105, 168.107, 125.082, 167.105, 125.082, 168.107, 167.104, 125.082, 139.073, 151.073, 125.083, 127.072, 151.071, 167.104, 85.051, 60.056]",4.113943352
Sc1[n]c2ccccc2[s]1,"[167.994, 135.014, 124.022, 167.994, 136.022, 92.049, 167.994, 135.014, 92.049, 167.994, 135.014, 124.022, 167.994, 135.014, 124.022, 167.994, 135.014, 124.022, 135.014, 109.011, 124.022, 65.039, 135.014, 109.011, 65.039, 108.003, 68.979, 68.979, 65.039, 108.003]",2.079181246
Cc1cc(ccc1)NC(=O)Oc1cc(ccc1)NC(=O)OC,"[168.065, 136.038, 169.068, 136.039, 168.065, 137.042, 136.038, 168.065, 137.042, 136.038, 137.042, 168.064, 136.039, 137.043, 168.065, 136.039, 168.065, 136.039, 136.039, 168.065, 108.044, 136.039, 108.044, 168.065, 136.039, 108.044, 93.033, 136.039, 108.044, 93.034, 65.039, 108.044, 121.04, 168.065, 136.039, 136.039, 168.065, 108.044, 136.039, 108.044, 168.065, 136.039, 108.044, 93.033, 136.039, 108.044, 121.04, 65.039, 108.044, 93.034, 168.065, 136.039]",0.672097858
c1cccc2[nH]c3ccccc3c21,"[168.081, 115.017, 168.081, 141.07, 167.073]",0.255272505
O=NN(c1ccccc1)c1ccccc1,"[169.089, 199.087, 168.081, 169.089, 168.081, 66.046, 169.089, 66.046, 168.081, 66.046, 168.081, 104.049, 66.046, 168.081, 104.049, 66.046, 168.081, 95.049]",1.544068044
c1ccccc1Nc1ccccc1,"[170.096, 93.057, 92.049, 170.096, 92.049, 93.057, 170.096, 93.057, 92.049, 170.096, 93.057, 92.049, 170.096, 93.057, 92.049, 93.057, 92.049, 170.096, 93.057, 92.049, 65.039]",1.72427587
COc1[n]c(NCC)[n]c(NC(C)CC)[n]1,"[170.104, 114.066, 142.072, 226.166, 226.167, 170.104, 96.056, 226.166, 170.104, 100.05, 170.104, 226.167, 100.051, 170.104, 100.051, 142.072, 100.05, 68.024, 69.008, 226.167, 173.114, 226.166, 170.104, 100.05, 226.167, 170.104, 100.051, 170.104, 226.167, 100.051, 170.103, 100.05, 142.072, 100.05, 68.024, 69.008, 170.104, 114.066, 226.166]",2.792391689
CCNc1[n]c(NC(C)(C)C)[n]c([n]1)OC,"[170.104, 114.067, 142.072, 226.167, 226.166, 170.104, 170.104, 226.166, 142.072, 170.104, 142.072, 114.066, 170.103, 142.072, 100.051, 100.051, 69.008, 75.055, 226.166, 170.104, 226.167, 170.104, 170.104, 226.166, 142.072, 170.104, 142.072, 114.066, 170.104, 142.072, 100.051, 100.051, 69.008, 75.055, 170.104, 114.066, 226.167]",2.113943352
N#Cc1c(Cl)cccc1Cl,"[171.971, 171.971, 171.971, 171.971, 164.002, 164.001, 171.971, 164.001, 100.018, 171.971, 171.971, 171.971, 164.001, 171.971, 164.001, 164.001, 171.972, 100.018]",1.164352856
Nc1ccc(cc1)S(N)(=O)=O,"[173.038, 156.012, 125.048]",3.875061263
[O-][N+](=O)c1cc(Cl)c(cc1)NC(=O)c1cc(Cl)ccc1O,"[174.992, 251.0, 98.984, 98.984, 154.989, 174.992, 98.984, 154.989, 127.018, 98.984, 154.989, 127.018, 98.984, 154.989, 127.018, 98.984, 154.989, 72.984]",0.204119983
CCCC(C)(COC(N)=O)COC(=O)NC(C)C,"[176.128, 158.118, 97.101, 97.101, 62.024, 158.118, 62.024, 97.101, 69.07, 62.024, 97.101, 69.07, 62.024, 55.054, 69.07, 62.024, 55.054, 69.07]",2.477121255
c1[n]c2ccccc2c2ccccc21,"[180.081, 152.062, 180.081]",2.477121255
c1c2ccccc2[n]c2ccccc21,"[180.081, 180.081]",1.584331224
CN1C(=O)c2[nH]c[n]c2N(C)C1=O,"[181.072, 124.05, 142.061, 181.072, 124.05, 96.056, 181.072, 124.051, 96.056, 181.072, 124.051, 96.056, 181.072, 124.051, 96.056, 124.051, 181.072, 96.056, 124.051, 96.056, 69.045, 69.045, 124.051, 96.056, 69.045, 96.056, 109.027, 69.045, 54.021, 109.027, 69.045, 54.021, 67.029]",3.866877814
CSc1[n]c2ccccc2[s]1,"[182.009, 166.985, 183.011, 182.009, 166.986, 135.014, 182.009, 166.985, 182.009, 166.985, 135.013, 182.009, 166.986, 135.013, 166.986, 182.009, 135.013, 166.986, 182.009, 135.013, 166.986, 123.013, 109.01, 166.986, 109.01, 123.013, 65.038, 109.01, 96.003, 65.038, 68.979, 96.003, 182.01, 166.987, 135.014, 166.986, 182.01, 135.014, 166.986, 182.01, 136.022, 166.986, 136.022, 135.014]",2.096910013
CCOC(=O)Nc1cccc(c1)OC(=O)Nc1ccccc1,"[182.08, 136.038, 183.083, 136.038, 154.049, 182.08, 136.038, 154.049, 182.08, 136.038, 154.049, 137.041, 136.038, 137.042, 154.049, 182.081, 136.039, 154.05, 182.081, 136.039, 154.05, 136.039, 154.05, 182.081, 136.039, 154.05, 108.044, 136.039, 108.044, 154.05, 136.039, 108.044, 121.04, 108.044, 65.038, 121.04, 182.081, 136.039, 154.05, 136.039, 154.05, 182.081, 136.039, 154.05, 108.044, 136.039, 108.044, 154.05, 136.039, 108.044, 121.04, 108.044, 121.04, 65.038, 182.081, 136.039, 154.05]",0.84509804
O=C1NC(=O)C(N1)(c1ccccc1)c1ccccc1,"[182.096, 253.097, 225.102, 182.096, 225.102, 253.097, 182.096, 104.049, 132.044, 104.049, 182.096, 132.044, 104.049, 182.096, 95.049, 104.049, 95.049, 105.044]",1.505149978
CCNc1[n]c(NC(C)(C)C)[n]c([n]1)SC,"[186.081, 242.143, 91.032, 186.081, 171.057, 242.143, 242.144, 186.083, 227.119, 242.144, 186.081, 186.081, 242.144, 91.032, 186.081, 91.033, 138.078, 186.081, 91.032, 68.024, 68.024, 96.056, 91.032, 242.143, 186.081, 227.12, 242.143, 186.081, 227.12, 186.081, 242.143, 91.032, 186.081, 91.032, 158.049, 186.081, 91.032, 68.024, 68.024, 91.032, 96.056, 186.081, 171.057, 242.143]",1.397940009
CCCCN(CCCC)CCCC,"[186.221, 130.159, 74.096, 186.221, 130.159, 74.096, 186.222, 130.159, 74.096, 186.222, 130.159, 74.096, 130.159, 186.222, 57.07, 57.07, 130.159, 74.096]",2.152288344
CC(C)Nc1[n]c(N)[n]c(Cl)[n]1,"[188.069, 190.066, 146.022, 146.022, 188.069, 148.019, 146.022, 148.019, 147.024, 146.022, 148.019, 147.024, 188.07, 146.023, 104.001, 146.023, 188.07, 104.001, 188.07, 188.07, 146.023, 104.001, 188.07, 146.023, 104.001, 146.023, 188.07, 104.001, 146.023, 104.001, 79.006, 104.001, 146.023, 79.006, 188.07, 146.023, 188.07, 146.023, 104.001, 188.07, 146.023, 104.001, 146.023, 188.07, 104.001, 146.023, 104.001, 79.006, 104.001, 146.023, 79.006, 146.023, 188.07, 110.046, 146.023, 188.07, 104.001, 146.023, 104.001, 79.006, 146.023, 188.07, 110.046, 146.023, 110.046, 104.001]",3.505149978
CC(C)Nc1[n]c(Cl)[n]c(NC(C)C)[n]1,"[188.07, 146.023, 152.118, 230.117, 230.117, 188.07, 146.023, 188.07, 230.117, 146.023, 146.023, 188.07, 104.001, 146.023, 104.001, 79.006, 146.023, 104.001, 79.006, 230.117, 188.07, 146.023, 230.117, 188.07, 146.023, 188.07, 230.117, 146.023, 146.023, 188.07, 104.001, 146.023, 104.001, 79.006, 146.023, 104.001, 79.006, 188.07, 146.023, 152.118]",0.934498451
C=CCOC(=O)c1ccccc1C(=O)OCC=C,"[189.055, 53.002, 149.023]",2.260071388
CN1C(C)=CC(=O)N1c1ccccc1,"[189.102, 147.092, 56.05, 189.102, 131.073, 161.107, 189.102, 189.102, 161.107, 189.103, 161.107, 147.092, 189.102, 147.092, 161.107, 189.103, 104.05, 147.092, 106.065, 56.049, 104.049, 189.102, 189.102, 161.107, 174.078, 189.102, 161.107, 147.092, 189.102, 147.092, 161.107, 189.102, 104.049, 147.092, 106.065, 104.049, 56.05, 189.102, 131.073, 161.107, 189.102, 147.092, 161.108, 104.05, 189.102, 106.065, 189.102, 131.073, 161.107, 131.073, 161.107, 144.081, 142.061, 155.047, 183.087, 142.061, 155.047, 183.088]",4.715167358
NC(=O)c1c(Cl)cccc1Cl,"[189.981, 191.978, 172.954, 172.954, 174.952, 189.981, 172.954, 174.952, 173.958, 172.954, 174.952, 144.96, 172.966, 174.962, 144.96, 189.982, 172.956, 171.971, 172.956, 146.976, 171.972, 189.982, 172.955, 189.982, 172.955, 171.971, 172.956, 189.982, 171.971, 172.956, 189.982, 171.971, 172.956, 171.971, 164.001, 108.984, 164.001, 144.96, 189.982, 172.955, 189.982, 172.956, 146.976, 172.956, 189.982, 171.971, 172.956, 189.982, 172.966, 172.956, 172.967, 171.971, 172.967, 172.956, 108.984, 172.956, 146.976, 171.971, 172.955, 189.982, 171.971, 172.955, 171.971, 139.006, 172.955, 146.976, 171.972, 172.955, 146.976, 171.971]",3.436162647
CC(C)(C#C)NC(=O)c1cc(Cl)cc(Cl)c1,"[189.982, 172.956, 256.029, 189.982, 256.029, 172.956, 189.982, 172.956, 256.029, 172.956, 189.982, 67.054, 172.956, 172.966, 189.982, 172.967, 172.956, 67.054, 172.967, 172.956, 108.984]",1.176091259
OC(=O)c1[n]c(Cl)ccc1Cl,"[191.961, 163.966, 145.956]",3.894869657
CCNC(=O)C(C)OC(=O)Nc1ccccc1,"[192.066, 164.071, 120.044, 120.044, 192.066, 118.086, 118.086, 120.044, 72.081, 118.086, 120.044, 72.081, 72.081, 120.044, 118.086, 72.081, 120.044, 92.049, 72.081, 92.05, 77.039, 120.044, 192.066, 118.086, 118.086, 120.044, 72.081, 118.086, 120.044, 72.081, 72.081, 120.044, 118.086, 72.081, 120.044, 92.049, 72.081, 92.049, 77.039, 192.066, 164.071, 118.086]",3.544068044
C/C(=C\C(=O)NC)/OP(=O)(OC)OC,"[193.027, 127.016, 167.047, 127.016, 128.019, 193.026, 127.016, 128.019, 109.005, 127.016, 128.019, 109.005, 127.015, 109.004, 129.019]",6
Nc1cc2cc3ccccc3cc2cc1,"[194.096, 193.089, 177.07]",0.113943352
CN1C(=O)c2c([n]c[n]2C)N(C)C1=O,"[195.088, 138.066, 110.071, 138.066, 195.088, 110.071, 195.088, 138.066, 195.088, 138.066, 195.088, 138.066, 110.071, 138.066, 195.088, 110.071, 138.066, 110.071, 195.087, 138.066, 110.071, 123.043, 195.088, 195.088, 138.066, 195.088, 138.066, 110.071, 138.066, 195.088, 110.071, 138.066, 110.071, 195.088, 138.066, 110.071, 123.043, 138.066, 195.087, 110.071, 138.066, 195.088, 110.071, 138.066, 110.071, 83.061, 138.066, 195.088, 110.071, 138.066, 110.071, 177.017, 138.066, 195.088, 110.071, 138.066, 195.088, 151.098]",4.334453751
CNC(=O)CSP(=S)(OC)OC,"[198.966, 230.008, 170.97, 124.982, 170.97, 142.993, 124.982, 142.993, 156.954, 124.982, 142.993, 156.954, 124.982, 142.993, 123.998, 142.993, 198.965, 170.97, 198.965, 170.97, 197.981, 198.965, 170.97, 230.007, 170.97, 198.965, 124.982, 124.982, 142.993, 170.97, 124.982, 142.993, 156.954, 124.982, 142.993, 78.994, 124.982, 142.993, 78.994, 198.965, 170.97, 230.007, 170.97, 198.965, 124.982, 124.982, 142.993, 170.97, 124.982, 142.993, 156.954, 124.982, 142.993, 78.994, 124.982, 142.993, 78.994, 198.965, 170.97, 197.981, 124.982, 142.993, 170.97, 124.982, 142.993, 78.994, 198.965, 170.97, 88.021, 198.964, 170.97, 88.021]",4.367355921
CC(C)N1C(=O)c2ccccc2NS1(=O)=O,"[199.017, 199.017, 199.017, 135.055, 120.045, 199.017, 135.055, 120.044, 107.06, 135.055, 120.044, 107.06, 120.044, 92.049, 107.06, 80.049, 120.044, 199.017, 199.017, 120.044, 199.017, 135.055, 107.06, 107.06, 120.044, 135.055, 107.06, 120.044, 80.049, 107.06, 80.049, 120.044, 199.017]",2.698970004
CSc1[n]c(NC(C)C)[n]c(NC(C)C)[n]1,"[200.097, 158.05, 242.143, 242.144, 158.049, 242.144, 200.097, 158.049, 242.143, 200.097, 158.05, 158.05, 200.096, 68.024, 158.05, 68.024, 116.028, 158.049, 68.024, 116.028, 242.144, 200.097, 227.12, 242.144, 200.096, 158.05, 242.143, 200.097, 158.05, 158.05, 200.096, 68.024, 158.05, 68.024, 116.028, 158.05, 68.024, 116.028, 200.097, 158.05, 242.143, 158.049, 200.096, 242.143, 158.049, 116.028, 85.051, 200.096, 158.049, 242.143, 200.096, 158.049, 152.118]",1.51851394
CC(C)(c1ccc(O)cc1)c1ccc(O)cc1,"[201.079, 159.116, 95.085, 229.121, 201.079, 95.085, 229.122, 109.101, 201.079, 229.122, 219.09, 95.086, 95.085, 81.07, 109.102, 95.085, 81.07, 159.117, 169.086, 147.117]",2.079181246
CCNc1[n]c(Cl)[n]c(NCC)[n]1,"[202.085, 204.082, 203.087, 202.085, 132.031, 124.086, 132.031, 124.087, 202.084, 146.023, 202.085, 79.006, 124.087, 202.086, 132.032, 202.085, 124.087, 202.086, 124.087, 132.032, 202.086, 132.032, 124.087, 132.032, 202.085, 124.087, 104.001, 68.024, 132.032, 68.024, 104.001, 96.056, 202.085, 71.06, 202.085, 124.087, 132.032, 202.085, 132.032, 124.087, 202.085, 132.032, 124.087, 104.001, 68.024, 96.056, 104.001, 68.024, 96.056, 202.085, 124.087, 132.032, 202.085, 132.032, 124.087, 104.001, 96.055, 132.032, 202.085, 124.087, 132.032, 124.087, 132.032, 174.054]",0.792391689
COc1c(C(O)=O)c(Cl)ccc1Cl,"[202.966, 202.965, 202.967, 202.966, 202.966, 202.966]",3.919601024
Cc1cc(C)[n]c(NS(=O)(=O)c2ccc(N)cc2)[n]1,"[204.044, 156.012, 124.087, 204.043, 279.091, 156.01, 124.086, 204.043, 156.011, 124.086, 213.112, 204.043, 124.086, 213.112, 125.089, 279.091, 156.01, 186.032, 279.091, 204.044, 124.087, 186.033, 204.044, 124.087, 279.091, 186.034, 149.024, 279.091, 186.033, 204.044, 124.087, 186.033, 156.011, 124.087, 108.044, 92.049, 124.087, 108.044, 92.049, 124.087, 108.044, 92.049, 279.091, 186.034, 149.023, 279.091, 186.033, 124.087, 124.087, 186.033, 108.044, 124.087, 108.044, 92.049, 124.087, 108.044, 92.049, 124.087, 92.049, 108.044, 186.033, 204.044, 124.087, 124.087, 108.044, 92.049, 124.087, 92.049, 108.044, 186.033, 279.091, 204.044, 186.033, 204.044, 124.087, 208.018, 146.069, 127.006, 208.018, 146.069, 226.028]",3.176091259
CC1NC(=O)N(C(C)CC)C(=O)C=1Br,"[204.961, 204.961, 261.024, 206.956, 204.961, 261.023, 187.933, 204.961, 187.934, 161.955, 204.961, 187.934, 161.955, 204.961, 187.934, 161.955, 131.944, 187.934, 161.955, 204.961, 261.023, 204.961, 261.023, 161.955, 204.961, 187.934, 161.955, 204.961, 187.934, 161.955, 204.961, 187.934, 161.955, 131.944, 187.934, 161.955, 204.961, 206.956]",2.911157609
CN(C)C(=O)Nc1ccc(cc1)C(C)C,"[207.149, 208.152, 165.101, 207.149, 165.101, 134.095, 134.096, 165.101, 162.089, 134.095, 119.072, 118.064, 118.065, 119.071, 134.096, 72.044, 207.149, 165.102, 72.044, 165.102, 207.149, 207.149, 72.044, 165.102, 207.149, 72.044, 165.102, 72.044, 207.149, 165.102, 72.044, 165.102, 134.096, 72.044, 134.096, 91.054, 72.044, 134.096, 91.054, 207.149, 72.044, 165.102, 207.149, 72.044, 165.102, 72.044, 207.149, 165.102, 72.044, 165.102, 134.096, 72.044, 134.096, 91.054, 72.044, 134.096, 91.054, 72.044, 165.102, 207.149, 72.044, 165.102, 134.096, 72.044, 134.096, 107.085, 72.044, 165.102, 162.091, 72.044, 165.102, 162.091]",1.812913357
C=CCN(CC=C)C(=O)C(Cl)Cl,"[208.03, 210.027, 139.967, 139.966, 208.03, 141.962]",3.698970004
Cc1cccc(C)c1N(C[n]1ccc[n]1)C(=O)CCl,"[210.068, 212.064, 278.105, 134.096, 210.068, 135.099, 134.096, 135.099, 210.068, 134.096, 135.099, 132.08, 134.096, 135.099, 132.08, 134.096, 210.068, 278.106, 210.069, 134.097, 76.978, 210.068, 134.097, 278.106, 134.096, 210.068, 134.097, 210.068, 76.979, 134.097, 105.07, 76.979, 134.097, 105.07, 76.979, 134.097, 105.07, 79.054, 210.068, 134.097, 278.105, 134.096, 210.068, 134.097, 210.068, 76.979, 134.097, 105.07, 76.979, 134.096, 105.07, 76.979, 134.096, 105.07, 79.054, 210.068, 134.096, 134.096, 76.979, 134.096, 76.979, 210.068, 134.096, 210.068, 134.096, 210.068, 134.096]",2.633468456
CC(C)N(C(=O)CCl)c1ccccc1,"[212.083, 170.036, 214.08, 170.036, 172.033, 171.039, 170.036, 172.033, 152.025, 152.025, 170.036, 172.033, 170.037, 212.084, 94.065, 170.037, 152.026, 212.085, 212.084, 170.037, 152.025, 170.037, 212.084, 152.026, 170.037, 152.026, 212.083, 170.037, 94.065, 106.065, 94.065, 106.065, 170.037, 94.065, 106.065, 77.038, 212.084, 170.037, 152.026, 170.037, 212.084, 152.026, 170.037, 212.084, 152.026, 170.037, 94.065, 106.065, 94.065, 106.065, 170.037, 94.065, 106.065, 77.039, 170.037, 152.026, 212.084]",2.763427994
Cc1c(c(NC(CC)CC)c(cc1C)[N+]([O-])=O)[N+]([O-])=O,"[214.071, 176.143, 212.067, 212.067, 71.085, 194.056, 212.067, 194.056, 71.085, 194.056, 212.067, 118.052, 91.042, 148.063, 119.06, 119.06, 91.042, 92.049, 92.049, 119.06, 65.039, 194.056, 148.063, 118.053, 119.06, 148.063, 92.049, 212.066, 194.056, 266.02, 212.067, 194.056, 266.019]",-0.48148606
CCNc1[n]c(Cl)[n]c(NC(C)(C)C#N)[n]1,"[214.086, 205.12, 174.054, 241.096, 214.085, 71.06, 241.097, 214.086, 205.12, 214.085, 241.097, 174.054, 214.085, 104.001, 132.032, 104.001, 68.024, 96.056, 104.001, 68.024, 71.06, 241.096, 214.085, 241.096, 214.085, 205.12, 214.085, 241.096, 174.054, 214.085, 104.001, 132.032, 104.001, 68.024, 96.056, 104.001, 68.024, 71.06, 214.085, 205.12, 174.054]",2.230448921
CCOP(=O)(SCCC)SCCC,"[215.033, 243.064, 172.986, 172.986, 130.939, 114.961, 130.939, 114.961, 172.986, 130.939, 114.961, 96.951, 114.961, 96.951, 130.939, 114.961, 96.951, 130.939, 114.961, 96.951, 64.979, 64.979, 114.961, 94.918, 64.979, 94.917, 114.961]",2.875061263
CN(OC)C(=O)Nc1ccc(Cl)cc1,"[215.058, 126.01, 148.063, 126.01, 148.063, 215.058, 126.01, 148.063, 127.018, 126.01, 127.018, 98.999, 98.999, 126.01, 127.018, 98.999, 127.018, 126.01]",2.968482949
CSC1=NN=C(C(=O)N1N)C(C)(C)C,"[215.096, 216.098, 217.092, 215.096, 187.101, 216.098, 187.1, 215.095, 131.038, 156.058, 131.038, 184.053, 156.058, 141.036, 140.039, 215.096, 187.101, 84.081, 187.101, 186.082, 131.027, 215.096, 215.096, 187.101, 186.082, 215.096, 187.101, 186.082, 187.101, 215.095, 131.039, 187.101, 74.006, 131.039, 74.006, 59.99, 58.04, 215.096, 186.083, 187.101, 215.096, 187.101, 186.082, 215.096, 187.101, 186.082, 187.101, 215.096, 131.039, 187.101, 74.006, 131.039, 74.006, 59.99, 58.04, 187.101, 186.082, 131.027]",3.021189299
CCNc1[n]c(Cl)[n]c(NC(C)C)[n]1,"[216.101, 218.098, 217.103, 174.053, 216.101, 176.05, 174.053, 132.032, 176.05, 146.022, 132.032, 174.053, 146.022, 132.032, 138.076, 216.101, 174.054, 96.056, 174.054, 138.103, 96.056, 216.101, 216.101, 174.055, 96.056, 174.054, 216.101, 104.001, 174.054, 104.001, 132.032, 104.001, 174.054, 68.024, 104.001, 68.024, 79.006, 216.101, 216.101, 174.054, 96.055, 174.054, 216.101, 104.001, 174.054, 104.001, 132.032, 174.054, 104.001, 68.024, 104.001, 68.024, 79.006, 174.054, 138.103, 96.056, 174.054, 216.101, 104.001, 104.001, 174.054, 96.055, 174.054, 216.101, 138.103, 174.054, 138.103, 96.056, 174.054, 216.101, 96.056, 174.054, 216.101, 138.102]",1.540329475
Nc1ccc(cc1Cl)-c1cc(Cl)c(N)cc1,"[217.053, 218.061, 182.084, 217.053, 218.06, 182.084]",0.491361694
c1cccc2c(cccc21)Nc1ccccc1,"[220.112, 143.073, 92.049, 143.073, 220.113, 92.05, 143.073, 115.055, 128.063, 220.113, 143.074, 205.09, 143.073, 205.089, 203.086]",1.77815125
COCC(=O)N(C(C)C(=O)OC)c1c(C)cccc1C,"[220.133, 192.138, 160.112, 248.128, 220.133, 192.138, 280.154, 248.128, 220.133, 192.138, 220.133, 160.112, 192.138, 160.112, 220.133, 160.112, 192.138, 148.112, 160.112, 134.096, 132.081, 132.081, 134.096, 160.112, 280.154, 248.128, 220.133, 192.138, 220.133, 160.112, 192.138, 160.112, 220.133, 160.112, 192.138, 148.112, 160.112, 134.096, 145.089, 132.081, 134.096, 160.112, 248.128, 220.133, 192.138]",3.924279286
NC1C=NN(C(=O)C=1Cl)c1ccccc1,"[222.042, 224.04, 223.045, 222.042, 224.04, 146.01, 146.011, 222.042, 128.984, 146.011, 130.064, 150.01, 222.043, 104.049, 92.049, 104.049, 222.043, 186.066, 222.043, 77.038, 222.043, 104.05, 77.038, 222.043, 104.05, 92.049, 222.043, 104.049, 92.049, 92.05, 104.05, 222.043, 92.049, 77.039, 65.039, 222.043, 77.038, 222.043, 104.049, 222.043, 104.049, 92.049, 222.043, 104.049, 92.049, 92.049, 104.049, 222.043, 92.049, 77.039, 65.039, 104.049, 186.066, 193.029, 222.043, 104.049, 92.049, 92.049, 104.049, 77.038, 222.043, 104.049, 186.066, 104.049, 186.066, 205.016]",2.602059991
CC(C)(C)NCC(O)c1ccc(O)c(CO)c1,"[222.149, 240.159, 166.086, 148.076, 166.088, 149.079, 222.149, 166.087, 148.076, 240.16, 222.149, 148.076, 148.076, 222.149, 166.086, 148.076, 166.086, 222.149, 148.076, 121.065, 130.065, 148.076, 121.065, 130.065, 121.065, 91.054, 130.065, 240.16, 222.149, 148.076, 148.076, 222.149, 166.086, 148.076, 166.086, 222.149, 148.076, 121.065, 130.065, 148.076, 121.065, 130.065, 121.065, 91.054, 148.076, 222.149, 166.086, 148.076]",4.149219113
CC(=O)Nc1[n][n]c([s]1)S(N)(=O)=O,"[222.995, 180.985, 181.969, 180.985, 222.995, 181.969, 180.985, 181.969, 72.985, 181.969, 180.985, 72.986, 181.969, 72.986, 180.985, 72.986, 181.969, 58.982]",2.991226076
COCCN(C(=O)CCl)c1c(C)cccc1C,"[224.084, 256.11, 226.081, 224.084, 226.081, 148.111, 148.111, 224.084, 226.081, 148.111, 133.087, 224.083, 148.111, 133.087, 118.064, 224.084, 148.112, 256.11, 224.084, 224.084, 256.11, 224.084, 256.11, 148.112, 224.084, 148.112, 132.081, 148.112, 224.084, 132.081, 148.112, 105.07, 132.081, 148.112, 105.07, 132.081, 224.084, 256.11, 173.015, 224.084, 256.11, 148.112, 224.084, 148.112, 132.081, 148.112, 224.084, 132.081, 148.112, 105.07, 132.081, 148.112, 105.07, 132.081, 224.084]",3.361727836
COc1[n]c(NC(C)C)[n]c(NC(C)C)[n]1,"[226.166, 227.169, 184.118, 226.166, 184.118, 142.071, 142.071, 184.118, 226.166, 142.072, 184.119, 143.074, 142.071, 143.075, 125.045, 184.119, 142.072, 226.166, 226.166, 226.167, 184.119, 142.073, 226.166, 184.119, 142.072, 142.072, 184.119, 226.166, 142.072, 100.051, 86.035, 142.072, 86.035, 100.051, 226.166, 184.119, 211.142, 226.166, 184.119, 142.072, 226.166, 184.119, 142.072, 142.072, 184.119, 226.166, 142.072, 86.035, 100.051, 142.072, 86.035, 100.051, 184.119, 142.072, 226.166]",2.875061263
COc1cc(N)c(Cl)cc1C(=O)NCCN(CC)CC,"[227.058, 184.016, 212.034, 300.148, 227.058, 184.016, 227.058, 300.147, 184.016, 227.058, 184.016, 183.032, 184.016, 227.058, 212.035, 184.016, 212.035, 183.032, 184.016, 140.998, 168.008, 300.147, 227.058, 184.015, 227.058, 300.148, 184.016, 227.058, 184.016, 183.032, 184.016, 227.058, 183.032, 184.016, 212.035, 183.032, 184.016, 140.998, 168.008, 227.058, 184.016, 212.034]",2.301029996
OC(=O)CCCC[C@@H]1SC[C@@H]2NC(=O)N[C@@H]21,"[227.085, 199.09, 209.075]",2.342422681
CCNc1[n]c(NC(C)C)[n]c([n]1)SC,"[228.128, 186.081, 96.056, 228.128, 186.081, 96.055, 228.128, 186.081, 96.056, 186.081, 228.128, 96.056, 186.081, 96.056, 91.032, 96.056, 186.081, 68.024, 68.024, 96.056, 71.06, 186.081, 228.128, 96.056, 96.055, 116.028, 186.081, 186.081, 228.128, 96.056, 186.081, 138.103, 96.056]",2.320146286
COc1ccc(cc1Cl)NC(=O)N(C)C,"[229.074, 72.044, 184.016, 72.044, 229.074, 156.021, 72.044, 156.021, 229.074, 72.044, 156.021, 149.047, 72.044, 156.021, 106.029, 72.044, 106.029, 156.021, 72.044, 80.013, 56.013, 72.044, 56.013, 52.018, 72.044, 52.018, 56.013]",2.831229694
COc1cc(ccc1N)-c1cc(OC)c(N)cc1,"[230.106, 213.103, 215.082, 187.087, 198.079, 215.082, 230.106, 213.103, 214.111, 230.106, 213.103, 214.111]",1.77815125
CCNc1[n]c(Cl)[n]c(NC(C)(C)C)[n]1,"[230.116, 232.113, 174.053, 174.053, 176.05, 230.116, 174.053, 176.05, 132.031, 174.053, 132.031, 146.022, 174.054, 230.117, 96.056, 174.054, 230.117, 230.117, 174.054, 79.006, 174.054, 230.117, 146.023, 174.054, 132.032, 146.023, 174.054, 104.001, 68.024, 68.024, 104.001, 79.006, 230.117, 174.054, 230.117, 174.054, 132.032, 174.054, 230.117, 146.023, 174.054, 132.032, 146.023, 174.054, 104.001, 68.024, 104.001, 68.024, 79.006, 174.054, 174.054, 132.032, 146.023, 104.001, 174.054, 96.055, 174.054, 230.117, 174.054]",0.929418926
COc1c(cc(Cc2c[n]c(N)[n]c2N)cc1OC)OC,"[230.117, 123.067, 261.099, 291.146, 230.117, 291.146, 123.067, 261.098, 291.145, 261.098, 230.116, 261.098, 275.114, 230.116, 123.067, 261.098, 257.103, 123.067, 81.045, 229.109, 291.146, 261.097, 291.146, 123.067, 261.098, 291.146, 261.098, 230.116, 261.098, 275.114, 123.067, 123.067, 261.098, 257.103, 123.067, 81.045, 229.108, 230.117, 123.067, 261.098, 261.099, 230.117, 275.114, 123.067, 229.109, 110.059, 291.146, 230.117, 123.067, 230.117, 123.067, 261.099]",2.602059991
COc1cc(O)c(cc1S(O)(=O)=O)C(=O)c1ccccc1,"[230.996, 309.043, 135.008]",5.397940009
O=P1(NCCCO1)N(CCCl)CCCl,"[233.001, 140.003, 106.042, 261.032, 140.003, 261.032, 233.001, 140.003, 140.003, 261.032, 106.042, 140.003, 142.018, 106.042, 140.003, 142.018, 120.021, 140.003, 63.0, 56.049, 261.032, 106.042, 233.002, 261.032, 140.003, 233.001, 140.003, 261.032, 106.042, 140.003, 142.018, 106.042, 140.003, 142.018, 120.021, 140.003, 63.0, 56.049, 233.001, 140.003, 106.042, 140.004, 142.019, 106.042, 140.004, 142.019, 106.042, 140.004, 106.042, 142.019, 140.004, 106.042, 142.019]",4.602059991
CN(C)C(=O)Nc1cc(Cl)c(Cl)cc1,"[233.024, 235.021, 187.965, 159.97, 161.967, 187.965, 159.97, 161.967, 132.96, 132.959, 125.001, 134.957, 72.044, 233.024, 159.972, 72.044, 233.024, 72.044, 233.024, 72.044, 187.966, 72.044, 233.024, 159.971, 72.044, 159.971, 187.966, 72.044, 159.971, 132.961, 72.044, 159.971, 132.961, 233.024, 72.044, 233.024, 72.044, 187.966, 72.044, 233.024, 187.966, 72.044, 159.971, 187.966, 72.044, 159.971, 132.961, 72.044, 159.971, 132.961, 72.044, 187.966]",1.62324929
CN(C)C(=O)Nc1cc(ccc1)C(F)(F)F,"[233.09, 72.044, 213.083, 72.044, 233.09, 213.083, 72.044, 233.09, 188.032, 72.044, 160.037, 168.026, 72.044, 160.037, 145.026, 72.044, 145.026, 160.037, 72.044, 145.026, 56.013, 72.044, 56.013, 75.023, 72.044, 75.023, 56.013]",2.041392685
CCC1(c2ccccc2)C(=O)NC(=O)NC1=O,"[233.092, 162.091, 177.066, 162.091, 177.066, 233.092, 162.091, 177.066, 105.033, 133.052, 144.081, 91.054, 133.052, 91.054, 106.065, 133.052, 91.054, 106.065, 104.049, 91.054, 89.038, 104.049, 91.054, 89.038, 104.049, 95.049, 65.038]",3.045322979
CCN(CC(=O)Nc1c(C)cccc1C)CC,"[235.18, 173.079, 217.107, 134.096, 235.18, 155.068, 134.096, 173.107, 122.096, 86.096, 58.065, 235.18, 86.096, 235.18, 86.096, 58.065, 86.097, 235.181, 58.065, 86.097, 58.065, 86.096, 58.065, 86.096, 58.065, 235.18, 86.096, 235.181, 86.096, 58.065, 86.097, 235.18, 58.065, 86.096, 58.065, 86.096, 58.065, 86.096, 58.065, 86.096, 58.065, 86.097, 58.066, 86.097, 58.066, 86.097, 58.066, 134.097, 235.181, 86.097, 86.097, 235.181, 86.097, 235.181, 58.065, 86.097, 58.065, 86.097, 58.065, 86.096, 133.008, 235.181, 86.096, 133.008, 134.096, 86.096, 235.181, 133.008, 86.096, 133.008, 179.013]",3.612783857
CCOP(=S)(Oc1ccc(cc1)[N+]([O-])=O)OCC,"[235.977, 264.009, 292.04, 235.977, 140.034, 253.988, 235.978, 140.034, 94.041, 94.041, 114.961, 123.031, 94.041, 114.961, 123.031, 94.041, 114.961, 123.031]",1.041392685
OC(=O)COc1[n]c(Cl)c(Cl)cc1Cl,"[237.923, 209.927, 197.927, 255.933, 237.922, 209.927, 209.928, 197.927, 237.922, 209.928, 181.933, 197.928, 145.956, 163.966, 181.933, 145.956, 179.917, 163.966, 179.917, 145.956, 109.979, 255.933, 237.922, 209.927, 209.927, 197.927, 237.922, 209.927, 181.932, 197.927, 145.956, 163.966, 181.933, 179.917, 145.956, 163.966, 179.917, 145.956, 109.979, 237.922, 209.927, 197.927]",2.643452676
COCN(C(=O)CCl)c1c(CC)cccc1CC,"[238.099, 240.095, 270.125, 162.127, 238.099, 240.095, 162.127, 147.103, 163.13, 147.103, 132.08, 162.127, 132.08, 147.103, 117.057, 238.1, 224.084, 162.128, 238.099, 270.125, 162.127, 238.099, 162.128, 224.083, 162.128, 238.099, 163.112, 162.128, 147.104, 163.112, 147.104, 162.128, 132.081, 147.104, 132.081, 162.128, 238.099, 270.126, 162.128, 238.099, 162.128, 224.084, 162.128, 238.099, 163.112, 162.128, 147.104, 163.112, 147.104, 162.128, 132.081, 132.081, 147.104, 146.096, 238.099, 162.128, 208.089]",2.380211242
CCOC(=O)C1(CCN(C)CC1)c1ccccc1,"[248.165, 174.128, 220.133, 248.165, 174.128, 220.133, 220.133, 248.165, 174.128, 220.133, 70.065, 174.128, 70.065, 174.128, 131.086, 70.065, 91.054, 103.054]",3.507180977
CCCOCCN(C(=O)CCl)c1c(CC)cccc1CC,"[252.115, 312.173, 176.144, 252.115, 176.143, 312.172, 252.115, 176.143, 146.096, 176.143, 252.115, 147.104, 147.104, 176.143, 105.07, 132.081, 147.104, 105.07]",1.698970004
Cc1[nH]c[n]c1CSCCN/C(/NC)=N/C#N,"[253.123, 159.07, 117.048, 159.07, 117.048, 95.06, 95.06, 159.07, 117.048, 95.06, 117.048, 99.066, 95.06, 117.048, 99.066, 95.06, 117.048, 82.04, 95.06, 54.034, 61.011, 54.034, 95.06, 61.011, 54.034, 57.045, 61.011]",3.972202838
CC(C(O)=O)c1cc(ccc1)C(=O)c1ccccc1,"[255.098, 209.093, 256.1, 209.093, 210.096, 177.053, 209.092, 177.052, 194.069, 209.096, 105.033, 255.101, 209.096, 105.033, 177.055, 255.102, 209.096, 105.033, 209.096, 105.034, 255.102, 105.034, 209.096, 177.055, 105.034, 177.055, 209.096, 105.034, 77.039, 103.054, 105.033, 77.039, 103.054, 255.102, 209.096, 105.033, 209.096, 105.034, 255.101, 105.034, 209.096, 177.055, 105.034, 177.055, 209.096, 105.034, 77.039, 103.054, 105.034, 77.039, 103.054, 209.096, 105.034, 177.054, 105.034, 209.096, 177.055, 105.034, 77.039, 103.054, 209.096, 105.033, 177.055, 209.096, 105.034, 177.055]",1.707570176
COP(=S)(Oc1ccc(cc1)[N+]([O-])=O)OC,"[264.009, 142.993, 249.994]",1.57634135
OC(=O)c1ccccc1Nc1cc(ccc1)C(F)(F)F,"[264.063, 282.073, 195.068, 264.063, 244.057, 282.074, 264.063, 244.057, 195.068, 264.063, 244.057, 216.062, 264.063, 244.057, 216.062, 167.073, 216.062, 244.057]",0.958516103
COC(=O)C(C)N(c1c(C)cccc1C)C(=O)c1ccco1,"[270.113, 242.118, 302.139, 242.118, 95.013, 270.113, 95.013, 242.118, 146.096, 95.013, 242.118, 83.013, 95.013, 83.013, 105.07, 95.013, 83.013, 105.07]",2.361727836
C[C@]12CC[C@H]3[C@@H](CCc4cc(O)ccc43)[C@@H]1CCC2=O,"[271.169, 253.159, 199.112]",1.477121255
C[C@]12CC[C@H]3[C@@H](CC=C4C[C@@H](O)CC[C@@]43C)[C@@H]1CCC2=O,"[271.206, 253.195, 289.216, 253.195, 213.164, 271.206, 213.164, 197.132, 157.101, 213.164, 157.101, 145.101, 81.07, 91.054, 105.07, 91.054, 105.07, 81.07]",1.802431626
CC(Oc1cccc2ccccc21)C(=O)N(CC)CC,"[272.164, 199.075, 273.168, 171.08, 129.114, 199.075, 171.08, 129.114, 143.084, 171.08, 143.085, 153.069, 128.061, 153.068, 127.053, 199.076, 171.081, 128.107, 272.165, 199.076, 74.096, 129.115, 171.081, 199.075, 171.081, 129.115, 58.065, 171.081, 58.065, 72.081, 58.065, 72.081, 171.08, 58.065, 128.062, 72.081, 272.164, 199.075, 74.096, 129.115, 171.081, 199.076, 171.081, 129.115, 58.065, 171.081, 58.065, 72.081, 58.065, 72.081, 171.08, 58.065, 128.062, 72.081, 199.075, 171.081, 128.107]",1.86332286
C[C@]12CC[C@H]3[C@@H](CC[C@H]4C[C@H](O)CC[C@@]43C)[C@@H]1CCC2=O,"[273.221, 273.221]",1.079181246
[O-][N+](=O)c1ccc(cc1)[C@@H](O)[C@@H](CO)NC(=O)C(Cl)Cl,"[274.999, 165.066, 305.01, 274.998, 305.009, 241.006, 274.998, 165.066, 241.006, 165.066, 257.996, 82.945, 165.066, 82.945, 257.996, 82.945, 165.066, 119.073, 82.945, 119.073, 118.065]",3.397940009
Cc1cc(ccc1SC)OP(=S)(OC)OC,"[279.027, 247.001, 169.013, 169.013, 247.0, 138.049, 169.013, 153.036, 124.981, 168.986, 153.036, 169.013, 168.986, 121.01, 152.982, 231.024, 279.027, 216.0]",0.875061263
NS(=O)(=O)c1cc2c(cc1Cl)NCNS2(=O)=O,"[280.945, 268.945, 280.945, 297.971, 232.978, 280.945, 232.978, 216.983, 232.978, 216.983, 203.951, 139.99, 203.952, 142.959, 139.99, 107.99, 125.003, 139.99, 107.99, 125.002, 280.945, 297.972, 232.978, 280.945, 232.978, 216.983, 232.978, 216.983, 203.952, 139.99, 203.952, 107.99, 139.99, 107.99, 125.003, 139.99, 107.99, 125.003, 280.945, 268.945, 286.956]",2.858537198
COc1ccc(NS(=O)(=O)c2ccc(N)cc2)[n][n]1,"[281.07, 279.091, 282.074, 156.011, 204.043, 281.07, 156.011, 126.066, 124.086, 126.066, 124.086, 156.011, 126.066, 124.087, 172.075]",2.167317335
[O-][N+](=O)c1ccc(cc1)Oc1ccc(Cl)cc1Cl,"[283.988, 266.985, 237.994, 266.985, 283.988, 237.995, 266.985, 208.992, 202.018, 202.018, 208.992, 266.985, 202.018, 208.992, 173.015, 202.018, 139.054, 173.015]",0
CC12CC1(C)C(=O)N(c1cc(Cl)cc(Cl)c1)C2=O,"[284.024, 256.029, 67.054, 284.024, 256.029, 113.06, 256.029, 284.024, 95.049, 256.029, 95.049, 67.054, 67.054, 95.049, 185.987, 67.054, 238.018, 185.987, 67.054, 238.018, 172.967]",0.653212514
Cc1cccc(CC)c1N(C(C)COC)C(=O)CCl,"[284.142, 252.115, 254.112, 252.115, 254.112, 253.118, 176.143, 252.115, 254.112, 176.143, 134.095, 133.088, 134.095, 146.095, 176.142, 252.115, 176.143, 284.141, 252.115, 212.085, 284.142, 252.115, 176.143, 252.115, 284.14, 176.143, 252.115, 176.143, 212.084, 176.144, 252.115, 134.096, 176.143, 134.096, 133.089, 134.096, 133.089, 91.054, 284.141, 252.115, 252.115, 284.141, 176.143, 252.115, 176.143, 212.084, 176.143, 252.115, 134.096, 176.143, 134.096, 133.089, 134.096, 91.054, 133.089, 252.115, 176.143, 252.115, 134.096, 134.096, 176.143, 133.089, 252.115, 212.084, 252.115]",2.72427587
CN1C(=O)CN=C(c2cc(Cl)ccc12)c1ccccc1,"[285.079, 287.076, 286.082, 285.079, 154.041, 193.088, 193.088, 154.041, 222.115, 193.088, 154.041, 241.053, 285.079, 154.042, 193.089, 257.084, 154.042, 222.115, 285.079, 285.079, 257.084, 154.042, 285.079, 257.084, 154.042, 154.042, 193.089, 222.115, 193.089, 154.042, 222.115, 193.089, 154.042, 241.053, 285.079, 285.079, 257.084, 182.036, 285.079, 257.084, 154.042, 154.042, 193.089, 222.115, 193.089, 154.042, 222.115, 193.089, 154.042, 241.053, 257.084, 154.042, 222.115, 285.079, 154.042, 257.084, 193.089, 154.042, 241.053, 285.079, 257.084, 154.042, 257.084, 154.042, 222.115]",1.698970004
COP(=S)(Oc1[n]c(Cl)c(Cl)cc1Cl)OC,"[289.876, 124.982, 127.015, 321.902, 124.982, 142.993, 124.982, 142.993, 289.876, 124.982, 142.993, 289.876, 124.982, 142.993, 78.994, 142.993, 124.982, 78.994, 78.994, 124.982, 142.993, 321.902, 124.982, 289.876, 124.982, 142.993, 289.876, 124.982, 142.993, 289.876, 124.982, 142.993, 78.994, 142.993, 124.982, 78.994, 78.994, 142.993, 124.982, 289.876, 124.982, 142.993]",0.677606953
CN1[C@@H]2C[C@H](C[C@H]1CC2)OC(=O)C(CO)c1ccccc1,"[290.175, 124.112, 93.07, 290.175, 124.112, 93.07, 124.112, 290.175, 93.07, 124.112, 93.07, 91.054, 93.07, 124.112, 91.054, 93.07, 91.054, 67.054]",3.342422681
NS(=O)(=O)c1cc2c(cc1Cl)N=CNS2(=O)=O,"[295.956, 278.93, 286.955, 295.956, 278.93, 204.983, 204.983, 278.93, 230.963, 141.951, 139.99, 157.016, 139.99, 155.985, 141.951, 97.979, 117.045, 155.985, 117.045, 89.026, 96.984, 63.023, 62.015, 90.034, 63.023, 62.015, 72.984]",2.424881637
COc1ccc2C[C@@H]3[C@@H]4C=C[C@H](O)[C@@H]5Oc1c2[C@]45CCN3C,"[300.161, 301.165, 302.167, 300.162, 301.165, 243.103, 300.162, 301.165, 215.108, 199.076, 165.071, 300.161, 165.071, 153.071, 181.066, 215.107, 243.101, 225.091, 300.159, 300.159, 243.101, 215.107, 300.159, 215.107, 243.101, 300.16, 215.107, 199.075, 165.07, 199.075, 181.065, 165.07, 153.07, 181.065, 300.159, 300.159, 243.101, 282.149, 300.159, 215.107, 243.101, 300.159, 215.107, 199.075, 165.07, 199.075, 181.065, 165.07, 153.07, 181.065, 215.107, 243.101, 225.091]",3.954242509
OC(C[n]1c[n]c[n]1)(c1ccccc1F)c1ccc(F)cc1,"[302.11, 70.04, 233.077, 70.04, 233.077, 123.024, 70.04, 123.024, 109.045, 70.04, 123.024, 109.045, 70.04, 123.024, 109.045, 70.04, 123.024, 123.035, 70.04, 123.035, 75.023, 75.023, 70.04, 123.035, 75.023, 74.015, 70.04]",2.113943352
CC(C)Oc1cc(c(Cl)cc1Cl)N1N=C(OC1=O)C(C)(C)C,"[303.03, 219.956, 176.951, 303.03, 345.077, 219.956, 219.956, 303.03, 176.951, 176.951, 184.988, 219.956, 184.987, 176.951, 148.956, 184.988, 176.951, 148.956, 112.979, 148.956, 128.998, 84.984, 94.029, 112.979, 84.984, 53.002, 62.963, 53.002, 84.984, 62.963]",-0.15490196
COC(=O)[C@@H]1C2CCC(C[C@@H]1OC(=O)c1ccccc1)[N@@]2C,"[304.156, 305.158, 182.117, 182.117, 304.156, 305.158, 182.117, 150.09, 183.12, 182.117, 150.09, 119.048, 182.116, 119.048, 150.09, 182.118, 150.091, 272.128, 304.155, 304.154, 182.118, 82.065, 182.118, 82.065, 304.155, 182.118, 105.034, 82.065, 105.034, 82.065, 182.118, 105.034, 82.065, 77.039, 304.154, 182.118, 304.154, 182.118, 82.065, 182.118, 82.065, 304.154, 182.118, 105.034, 82.065, 105.034, 82.065, 91.054, 105.034, 82.065, 77.039, 182.118, 150.091, 272.128]",3.255272505
"CC(Cc1ccc(cc1)C(C)(C)C)CN1C[C@@H](C)O[C@@H](C)C1 |o1:16,19|","[304.264, 147.117, 130.123, 130.123, 147.117, 116.107, 304.263, 304.263, 304.263, 147.117, 130.123, 147.117, 98.096, 304.263, 147.117, 132.093, 98.097, 132.093, 117.07, 119.085, 304.263, 147.117, 304.263, 304.263, 147.117, 130.123, 147.117, 304.264, 98.096, 147.117, 132.093, 119.085, 132.093, 117.07, 147.117, 130.123, 147.117, 116.107]",0.633468456
Cc1cc([n]c([n]1)C(C)C)OP(=S)(OCC)OCC,"[305.112, 307.106, 169.079, 169.079, 305.108, 153.101, 169.079, 153.101, 249.045, 169.079, 153.101, 135.091, 169.079, 153.101, 135.091, 305.108, 169.079, 153.102, 169.08, 153.103, 277.077, 305.109, 169.079, 305.108, 169.079, 153.102, 169.08, 153.102, 96.951, 169.079, 153.102, 96.951, 169.079, 100.022, 96.951, 100.022, 96.951, 114.961, 305.109, 169.079, 153.102, 305.109, 169.079, 153.102, 169.079, 153.102, 96.951, 169.08, 153.102, 96.951, 169.079, 100.022, 96.951, 100.022, 96.951, 114.961, 169.079, 153.102, 277.077, 169.079, 153.102, 96.951, 100.022, 169.079, 96.951, 169.079, 153.102, 100.021]",1.602059991
Cc1cc([n]c([n]1)N(CC)CC)OP(=S)(OC)OC,"[306.103, 164.118, 108.056, 108.055, 164.118, 95.06, 108.055, 124.982, 95.06, 278.072, 164.118, 274.077, 278.072, 164.118, 274.077, 169.079, 153.102, 96.951, 100.022, 169.079, 96.951, 169.079, 153.102, 100.021]",0.934498451
CCCN(CCOc1c(Cl)cc(Cl)cc1Cl)C(=O)[n]1cc[n]c1,"[308.001, 70.029, 70.065, 308.001, 265.953, 308.0, 265.954, 376.04, 308.0, 70.029, 265.953, 70.065, 70.029, 222.948, 70.029, 70.065, 194.916, 70.029, 70.065, 166.922, 166.922, 70.029, 132.96, 308.0, 265.953, 376.038, 308.0, 70.029, 265.954, 70.065, 70.029, 222.948, 70.029, 70.065, 194.916, 70.029, 70.065, 166.922, 166.922, 70.029, 132.961, 308.0, 265.953, 308.001, 265.954, 70.029, 308.001, 70.029, 265.954, 70.029, 70.065, 194.917, 70.029, 70.065, 166.922, 282.021, 308.0, 180.113, 282.021, 308.001, 180.113]",1.531478917
CCCCC1C(=O)N(c2ccccc2)N(c2ccccc2)C1=O,"[309.155, 310.159, 311.153, 294.149, 307.157, 295.154, 309.166, 294.149, 266.13, 266.131, 279.125, 171.083, 266.131, 279.126, 276.115, 309.16, 190.123, 188.107, 120.044, 188.107, 309.16, 120.044, 92.049, 160.112, 92.049, 65.039, 120.044, 92.049, 65.039, 95.049, 65.039, 92.049, 95.049, 65.039, 95.049, 105.045, 65.039, 95.049, 77.039, 51.023, 65.039, 50.015]",1.531478917
O=C(C1CCCCC1)N1CC2c3ccccc3CCN2C(=O)C1,"[313.194, 314.197, 203.119, 203.119, 313.193, 204.122, 203.119, 174.092, 132.081, 174.092, 132.081, 203.119, 132.081, 174.092, 146.097, 313.191, 203.118, 83.085, 203.118, 83.085, 313.191, 83.085, 203.118, 174.091, 83.085, 174.091, 132.081, 83.085, 132.081, 174.091, 132.081, 83.085, 129.07]",2.602059991
CN(C)CCCN1c2ccccc2Sc2ccc(Cl)cc12,"[319.1, 320.102, 246.007, 246.014, 239.077, 248.011, 214.042, 246.014, 239.076, 214.042, 211.045, 216.039]",0.40654018
NS(=O)(=O)c1cc(ccc1Cl)C1(O)NC(=O)c2ccccc12,"[321.994, 243.021, 241.005, 321.994, 243.021, 241.005, 243.021, 241.005, 321.994, 243.021, 241.005, 185.015, 185.015, 152.062, 79.98, 150.047, 152.062, 79.98]",2.079181246
O=P(Oc1ccccc1)(Oc1ccccc1)Oc1ccccc1,"[327.078, 233.036, 152.062, 327.078, 77.039, 152.062, 327.078, 233.036, 153.07, 233.036, 153.07, 251.047, 152.062, 95.049, 153.07, 152.062, 95.049, 77.039, 152.062, 95.049, 77.038, 152.062, 77.039, 95.049, 50.015, 51.023, 152.062, 50.015, 51.023, 150.047, 251.048, 153.07, 152.062, 152.063, 77.039, 168.058, 233.037, 215.027, 229.102, 215.027, 233.037, 251.048]",0.278753601
COC(=O)c1c(Cl)c(Cl)c(c(Cl)c1Cl)C(=O)OC,"[330.91, 98.984, 298.883, 98.984, 298.884, 330.91, 98.984, 298.884, 270.888, 98.984, 220.896, 270.888, 98.984, 220.896, 164.906, 98.984, 164.906, 220.896, 98.984, 164.906, 129.937, 98.984, 129.937, 164.906, 98.984, 129.937, 141.937]",-0.301029996
CCCN(CCC)c1c(cc(cc1[N+]([O-])=O)C(F)(F)F)[N+]([O-])=O,"[336.117, 336.117]",-0.735182177
CCCC1COC(C[n]2c[n]c[n]2)(O1)c1ccc(Cl)cc1Cl,"[342.077, 158.976, 69.07, 158.976, 204.982, 273.044, 342.077, 70.04, 342.077, 158.976, 69.07, 158.976, 69.07, 186.971, 158.976, 69.07, 172.956, 158.976, 172.956, 69.07, 158.976, 172.956, 123.0, 342.077, 69.07, 273.045, 342.077, 158.976, 69.07, 158.976, 69.07, 186.971, 158.976, 69.07, 172.956, 158.976, 172.956, 69.07, 158.976, 172.956, 123.0, 158.976, 204.982, 273.044, 158.976, 69.07, 342.077, 158.976, 69.07, 186.971, 158.976, 69.07, 172.955, 158.976, 172.955, 69.07, 158.976, 172.956, 186.971, 158.976, 172.955, 70.04, 158.976, 204.982, 273.044, 158.976, 204.982, 273.044]",2.041392685
C[C@]12C=CC(=O)C=C1CC[C@@H]1[C@@H]2[C@@H](O)C[C@@]2(C)[C@H]1CC[C@]2(O)C(=O)CO,"[343.19, 325.18, 307.169, 343.19, 325.179, 307.169, 147.08, 343.19, 289.158, 147.08, 171.081, 173.095, 147.081, 121.065, 171.08, 147.08, 121.064, 171.081, 121.064, 343.19, 325.18, 307.17, 147.08, 343.19, 173.096, 147.081, 173.096, 171.08, 171.08, 147.081, 147.08, 121.065, 119.086, 121.065, 343.19, 325.18, 307.169, 163.112, 121.065, 145.101, 105.07, 121.064, 163.111, 343.19, 163.112, 325.18, 163.112, 343.19, 325.179]",2.348304863
CCCN(CCC)c1c(cc(cc1[N+]([O-])=O)S(N)(=O)=O)[N+]([O-])=O,"[347.102, 288.029, 305.055, 347.102, 305.055, 247.013, 288.029, 247.013, 263.008, 198.014, 245.982, 240.061, 198.015, 133.04, 117.057, 78.034, 198.015, 133.04, 78.034, 133.04, 117.057]",0.397940009
C[C@]12CCC(=O)C=C1CC[C@@H]1[C@@H]2[C@@H](O)C[C@]2(C)[C@H](CC[C@H]21)C(=O)CO,"[347.225, 348.228, 329.213, 347.224, 329.213, 348.227, 121.065, 329.213, 171.118, 121.065, 145.102, 163.112, 121.065, 145.101, 131.086, 347.222, 329.211, 311.2, 329.211, 347.222, 121.065, 121.065, 97.065, 123.08, 121.065, 97.065, 105.07, 121.065, 105.07, 91.054, 91.054, 105.07, 79.054, 91.054, 79.054, 95.049, 91.054, 95.049, 115.054, 91.054, 115.054, 65.039]",2.298853076
C[C@H]1C[C@@H]2[C@H]([C@@H](O)C[C@@]3(C)[C@H]2CC[C@]3(O)C(=O)CO)[C@@]2(C)C=CC(=O)C=C21,"[357.208, 375.219, 339.197, 357.208, 161.096, 253.16, 161.097, 185.097, 253.161, 161.097, 185.098, 135.081, 161.097, 135.082, 185.098, 357.206, 339.195, 321.185, 357.206, 339.196, 321.185, 161.096, 253.159, 357.206, 161.096, 185.096, 135.08, 161.096, 135.08, 185.096, 121.065, 105.07, 161.096, 91.054, 121.065, 105.07, 357.206, 339.196, 321.185, 161.096, 253.158, 135.08, 161.096, 185.096, 135.08, 161.096, 135.08, 185.096, 121.065, 161.096, 209.096, 91.054, 121.065, 105.07, 357.206, 339.195, 321.185]",2.079181246
C[C@]12CCC(=O)C=C1CC[C@@H]1[C@@H]2C(=O)C[C@@]2(C)[C@H]1CC[C@]2(O)C(=O)CO,"[361.201, 343.19, 163.112, 361.201, 163.112, 343.191, 163.112, 121.065, 145.101, 163.112, 121.065, 105.07, 105.07, 121.065, 93.07, 91.054, 105.07, 79.054, 91.054, 79.054, 95.049, 91.054, 115.054, 95.049, 91.054, 115.054, 65.039, 163.112, 121.065, 145.101, 105.07, 121.064, 163.111, 343.19, 163.112, 325.18, 163.112, 343.19, 325.179]",2.447158031
CCOc1cc(ccc1[N+]([O-])=O)Oc1ccc(cc1Cl)C(F)(F)F,"[362.04, 315.998, 334.009, 237.04, 315.998, 273.988, 237.04, 203.013, 245.993, 237.04, 140.049, 210.029, 140.049, 182.034, 210.029, 140.049, 182.034, 132.018]",-0.935542011
CC1c2ccc(cc2OC(=O)C=1Cl)OP(=S)(OCC)OCC,"[363.021, 365.019, 364.025, 363.023, 306.951, 226.987, 226.993, 228.99, 306.959, 226.993, 228.99, 211.016, 226.992, 211.016, 225.985]",0.176091259
C[C@]12CCC(=O)C=C1CC[C@@H]1[C@@H]2[C@@H](O)C[C@@]2(C)[C@H]1CC[C@]2(O)C(=O)CO,"[363.217, 327.196, 345.206, 121.065, 363.217, 327.196, 121.065, 97.065, 145.101, 121.065, 97.065, 105.07, 121.065, 105.07, 91.054, 91.054, 105.07, 121.065, 91.054, 128.062, 79.054, 91.054, 115.054, 128.062, 115.054, 91.054, 65.039]",2.505149978
CN1CC[C@@]23[C@H]4Oc5c2c(C[C@@H]1[C@@H]3C=C[C@@H]4OC(C)=O)ccc5OC(C)=O,"[370.168, 371.17, 372.172, 370.168, 371.17, 372.172, 370.168, 371.17, 268.134, 211.076, 268.134, 370.167, 165.07, 191.085, 211.076]",2.77815125
OC1(CCN(CCCC(=O)c2ccc(F)cc2)CC1)c1ccc(Cl)cc1,"[376.148, 378.145, 377.151, 376.14, 165.066, 377.144, 165.07, 123.023, 166.074, 165.071, 123.024, 166.074, 123.023, 165.07, 124.027, 376.148, 358.137, 165.071, 165.071, 376.148, 358.137, 165.071, 123.024, 358.137, 123.024, 165.071, 113.04, 123.024, 123.035, 165.071, 123.024, 123.035, 113.04, 123.035, 113.04, 123.024, 75.023, 123.035, 113.04, 75.023, 74.015, 123.035]",1.146128036
CCCCOC(=O)C(C)Oc1ccc(cc1)Oc1ccc(c[n]1)C(F)(F)F,"[384.142, 328.08, 282.074, 282.074, 328.08, 254.079, 282.074, 91.054, 254.079, 91.054, 238.048, 254.079, 91.054, 238.048, 254.043, 91.054, 238.048, 65.039]",0
CC(=O)[C@]1(CC[C@H]2[C@@H]3C=C(C)C4=CC(=O)CC[C@]4(C)[C@H]3CC[C@]12C)OC(C)=O,"[385.237, 325.216, 267.174]",0.301029996
CC(=O)S[C@@H]1CC2=CC(=O)CC[C@]2(C)[C@H]2CC[C@@]3(C)[C@@H](CC[C@]43CCC(=O)O4)[C@@H]21,"[417.21, 417.209]",1.342422681
CCCCN(CCCC)N=O,"[57.07, 159.149, 103.087, 57.07, 159.149, 103.087, 57.07, 103.087, 159.149, 57.07, 103.087, 53.002, 57.07, 53.002, 55.054, 57.07, 53.002, 55.054]",3.103803721
CCCCN,"[57.07, 74.097, 53.002]",6
CCN(C)N=O,"[61.04, 89.071, 72.044, 61.04, 89.071, 72.044, 61.04, 89.071, 72.044, 61.04, 89.071, 72.044, 61.04, 89.071, 72.044, 61.04, 72.044, 89.071]",5.477121255
c1ccc[nH]1,"[68.05, 53.002]",4.653212514
CC(C)(C)C(O)C(Oc1ccc(Cl)cc1)[n]1c[n]c[n]1,"[70.04, 99.081, 227.083]",2.079181246
CN(C)C(=O)Nc1ccccc1,"[72.044, 165.102, 120.044, 72.044, 165.102, 120.044, 72.044, 165.102, 120.044, 72.044, 165.102, 120.044, 72.044, 120.044, 165.102, 72.044, 92.049, 120.044, 72.044, 92.049, 95.049, 72.044, 165.102, 120.044, 72.044, 92.049, 120.044, 165.102, 72.044, 120.044, 72.044, 120.044, 165.102]",3.605305046
CN(C)C(=O)Nc1ccc(Cl)cc1,"[72.044, 199.064, 199.063, 72.044, 199.064, 72.044, 154.006, 72.044, 199.063, 126.01, 72.044, 126.01, 154.005, 72.044, 126.01, 154.005, 72.044, 126.01, 98.999, 199.063, 72.044, 199.063, 72.044, 154.005, 72.044, 199.063, 126.01, 72.044, 126.01, 154.005, 72.044, 126.01, 99.0, 72.044, 126.01, 99.0, 72.044, 199.063]",2.361727836
Cc1ccc(cc1Cl)NC(=O)N(C)C,"[72.044, 213.079, 140.026, 72.044, 168.021, 213.079, 72.044, 213.079, 72.044, 168.021, 72.044, 213.078, 168.021, 72.044, 140.026, 168.021, 72.044, 140.026, 125.015, 72.044, 140.026, 125.015, 213.079, 72.044, 213.079, 72.044, 168.021, 72.044, 213.079, 168.021, 72.044, 140.026, 168.021, 72.044, 140.026, 125.015, 72.044, 140.026, 125.015, 72.044, 213.079, 168.021, 72.044, 140.026, 168.021, 72.044, 140.026, 125.015, 72.044, 213.079, 168.021, 72.044, 168.021]",1.84509804
CN(C)C(=O)Nc1ccc(cc1)Oc1ccc(Cl)cc1,"[72.044, 291.09, 218.037, 72.044, 118.065, 163.031, 72.044, 163.031, 118.065, 291.089, 164.094, 246.032, 164.094, 246.032, 147.068]",0.568201724
Cc1[n]c([n]c(OC(=O)N(C)C)c1C)N(C)C,"[72.044, 239.15, 182.129, 182.129, 195.161, 72.044, 239.15, 182.129, 72.044, 239.15, 182.129, 72.044, 72.044, 182.129, 239.151, 72.044, 182.129, 85.076, 72.044, 85.076, 109.076, 72.044, 109.076, 85.076, 239.15, 182.129, 72.044, 239.15, 182.129, 72.044, 72.044, 182.129, 239.149, 72.044, 182.129, 85.076, 72.044, 85.076, 182.129, 72.044, 109.076, 85.076, 182.129, 195.161, 72.044, 72.044, 182.129, 85.076, 72.044, 109.076, 85.076, 182.129, 195.16, 239.15, 182.129, 195.16, 72.044]",3.431363764
CN(C)N=O,"[75.055, 58.053, 57.045, 75.055, 58.053, 75.055, 58.053, 57.045, 75.055, 58.053, 57.045, 75.055, 58.053, 57.045, 75.055, 58.053, 57.045]",6
Nc1ccc(cc1)/N=N/c1ccccc1,"[77.039, 105.045, 198.103, 77.039, 105.045, 95.049, 198.103, 77.039, 105.045, 77.039, 105.045, 95.049]",1.505149978
c1cccc[n]1,"[80.049, 96.044]",6
NS(=O)(=O)c1cc(C(O)=O)c(cc1Cl)NCc1ccco1,"[81.034, 53.039, 205.01, 252.997, 254.994, 176.989, 81.034, 98.984, 176.989, 81.034, 98.984, 98.984, 81.034, 98.984, 81.033, 98.984, 81.033, 98.984, 81.033, 195.948, 81.033, 98.984, 252.997, 98.984, 81.033, 262.989, 98.984, 81.033, 98.984, 81.033, 98.984, 81.033, 98.984, 81.034, 252.997, 254.994, 176.989, 272.938, 244.944, 272.939, 244.943]",1.863917377
NC1CCCCC1,"[83.085, 100.112, 55.054]",6
O=C1NC=C(F)C(=O)N1,"[84.96, 113.999, 88.019, 131.025, 131.025, 84.96, 113.999, 131.025, 113.999, 84.96, 113.998, 131.025, 84.96, 113.999, 131.025, 84.96, 113.999, 84.96, 58.009, 131.025, 84.96, 131.025, 84.96, 113.998, 131.025, 84.96, 113.999, 113.999, 131.025, 84.96, 113.999, 84.96, 131.025, 113.998, 84.96, 58.009, 84.96, 113.999, 113.023]",4.045322979
C1CCCCN1,"[86.096, 69.07, 67.054]",6
CN(C)C(C)CN1c2ccccc2Sc2ccccc12,"[86.096, 285.142, 198.037]",1.194236749
CN(C)CCCN1c2ccccc2CCc2ccccc12,"[86.097, 58.065, 208.112]",1.260786669
CCOC(=O)NCCOc1ccc(cc1)Oc1ccccc1,"[88.039, 116.071, 256.097, 116.071, 256.097, 88.039, 302.139, 116.071, 88.039, 88.039, 116.071, 256.097, 88.039, 116.071, 256.097, 88.039, 116.071, 70.029, 88.039, 70.029, 141.07, 88.039, 115.054, 70.029, 116.071, 302.139, 88.039, 88.039, 116.071, 256.097, 88.039, 116.071, 256.097, 88.039, 116.071, 70.029, 88.039, 70.029, 129.07, 88.039, 115.054, 70.029, 116.071, 256.097, 88.039]",0.77815125
C1COCCN1,"[88.076, 70.065, 68.049]",6
CCCN(CCC)N=O,"[89.071, 131.118, 53.002, 89.071, 131.118, 53.002, 89.071, 131.118, 53.002, 89.071, 53.002, 131.118, 53.002, 89.071, 53.998, 53.002, 53.997, 89.071]",4.113943352
CN(C)CCC=C1c2ccccc2CCc2ccccc21,"[91.054, 278.191, 233.133, 278.19, 91.054, 233.132, 233.133, 117.07, 105.07, 278.19, 91.054, 105.07, 278.19, 233.132, 117.07, 233.132, 105.07, 117.07, 91.054, 105.07, 117.07, 91.054, 105.07, 117.07, 91.054, 203.085, 191.085, 278.191, 233.133, 91.055, 278.19, 233.132, 117.07, 233.133, 105.07, 117.07, 91.054, 105.07, 117.07, 91.054, 105.07, 191.085, 91.054, 203.086, 191.086, 233.133, 117.07, 105.07]",0.98721923
Cc1ccc(cc1)S(N)(=O)=O,"[91.054, 119.06, 109.065, 155.016, 119.06, 109.065, 119.06, 155.016, 109.065, 119.06, 91.054, 109.065, 91.054, 119.06, 109.065, 91.054, 65.039, 119.06, 91.054, 65.039, 119.061, 65.039, 91.054, 63.023, 65.039, 91.054, 63.023, 65.039, 63.023, 51.023, 119.061, 91.055, 91.054, 119.061, 155.017, 119.061, 91.055, 155.017, 119.061, 91.055]",3.499136995
Cc1ccccc1S(N)(=O)=O,"[91.054, 119.06, 109.065, 91.054, 119.06, 109.065, 91.054, 119.06, 109.065, 91.054, 109.065, 119.06, 91.054, 65.039, 119.06, 91.054, 65.039, 63.023, 65.039, 91.054, 63.023, 65.039, 91.054, 63.023, 65.039, 63.023, 51.023]",3.209515015
CCCCOC(=O)c1ccccc1C(=O)OCc1ccccc1,"[91.054, 149.023, 205.086, 91.054, 149.023, 205.086, 91.054, 149.023, 57.07, 91.054, 149.023, 65.038, 91.054, 149.023, 65.038, 91.054, 65.038, 149.023, 91.054, 65.038, 121.028, 91.054, 65.038, 63.023, 65.038, 91.054, 63.023, 65.039, 91.054, 63.023]",0.42975228
CNc1ccccc1,"[93.057, 108.081, 91.054]",3.749736316
Nc1ccccc1,"[94.065, 53.039, 105.045]",4.556302501
CC(C)OC(=O)Nc1cccc(Cl)c1,"[94.065, 106.065, 124.087]",1.949390007
CCOC(=O)c1ccc(O)cc1,"[95.049, 121.028, 139.039, 121.028, 95.049, 77.038, 139.039, 121.028, 95.049, 139.039, 121.028, 95.049]",2.946943271
CCCCOC(=O)c1ccc(O)cc1,"[95.049, 139.039, 121.028, 83.06, 109.04, 121.028, 139.039, 151.075, 139.039, 151.075]",2.315970345
Oc1c[n]ccc1,"[96.044, 68.049, 67.042]",4.522444234
C[C@]12CCC(=O)C=C1CC[C@@H]1[C@@H]2CC[C@@]2(C)[C@H]1CCC2=O,"[97.065, 109.064, 123.08, 97.064, 109.064, 123.08, 97.064, 269.19, 109.064, 97.065, 269.19, 251.179]",1.762078087
CC(=O)[C@H]1CC[C@H]2[C@@H]3CCC4=CC(=O)CC[C@]4(C)[C@H]3CC[C@@]21C,"[97.065, 315.234, 109.067, 315.234, 316.237, 297.223, 256.092, 123.081, 315.234, 256.092, 123.081, 145.102, 123.081, 131.086, 145.102, 315.234, 316.237, 317.24, 97.065, 315.232, 109.065, 97.065, 109.065, 123.08, 109.065, 97.065, 81.07, 97.065, 109.065, 79.054, 97.065, 109.065, 79.054, 109.064, 97.065, 123.08, 109.064, 97.064, 81.07, 297.221, 279.21, 97.065, 297.221, 279.21, 97.065]",0.944975908
CCOP(=O)(OC(=CCl)c1ccc(Cl)cc1Cl)OCC,"[98.984, 204.937, 127.015, 98.984, 198.904, 155.047, 330.946, 127.015, 155.047, 330.946, 127.015]",2.093421685
O=P(OC(CCl)CCl)(OC(CCl)CCl)OC(CCl)CCl,"[98.984, 318.923, 208.953, 98.984, 318.922, 208.953]",0.84509804
OC1N=C(c2cc(Cl)ccc2NC1=O)c1ccccc1Cl,"[99.043, 57.069, 55.017, 275.014, 321.019, 303.009, 321.019, 303.009, 275.014, 275.014, 303.009, 321.019, 275.014, 229.053, 303.009, 275.014, 229.053, 163.006, 229.053, 275.014, 163.006, 194.084, 229.053, 163.006]",1.903089987